match,player,stat,line,over_odds,under_odds,start_time,fixture_id,market_name,market_type
Carlton Blues v Brisbane Lions,Patrick Cripps,Goals,0.5,,,2025-07-10T09:30:00.000Z,fd3011fa-3827-4775-bd84-ad84acdbb484,Patrick Cripps goals 0.5,pickem_goals
Carlton Blues v Brisbane Lions,Charlie Curnow,Goals,2.5,,,2025-07-10T09:30:00.000Z,fd3011fa-3827-4775-bd84-ad84acdbb484,Charlie Curnow goals 2.5,pickem_goals
Carlton Blues v Brisbane Lions,Zac Williams,Goals,1.0,,,2025-07-10T09:30:00.000Z,fd3011fa-3827-4775-bd84-ad84acdbb484,Zac Williams goals 1,pickem_goals
Carlton Blues v Brisbane Lions,Logan Morris,Goals,2.0,,,2025-07-10T09:30:00.000Z,fd3011fa-3827-4775-bd84-ad84acdbb484,Logan Morris goals 2,pickem_goals
Carlton Blues v Brisbane Lions,Charlie Cameron,Goals,2.5,,,2025-07-10T09:30:00.000Z,fd3011fa-3827-4775-bd84-ad84acdbb484,Charlie Cameron goals 2.5,pickem_goals
Carlton Blues v Brisbane Lions,Adam Cerra,Disposals,24.5,,,2025-07-10T09:30:00.000Z,fd3011fa-3827-4775-bd84-ad84acdbb484,Adam Cerra disposals 24.5,pickem_disposals
Carlton Blues v Brisbane Lions,George Hewett,Disposals,27.0,,,2025-07-10T09:30:00.000Z,fd3011fa-3827-4775-bd84-ad84acdbb484,George Hewett disposals 27,pickem_disposals
Carlton Blues v Brisbane Lions,Patrick Cripps,Disposals,23.5,,,2025-07-10T09:30:00.000Z,fd3011fa-3827-4775-bd84-ad84acdbb484,Patrick Cripps disposals 23.5,pickem_disposals
Carlton Blues v Brisbane Lions,Sam Docherty,Disposals,22.5,,,2025-07-10T09:30:00.000Z,fd3011fa-3827-4775-bd84-ad84acdbb484,Sam Docherty disposals 22.5,pickem_disposals
Carlton Blues v Brisbane Lions,Dayne Zorko,Disposals,25.0,,,2025-07-10T09:30:00.000Z,fd3011fa-3827-4775-bd84-ad84acdbb484,Dayne Zorko disposals 25,pickem_disposals
Carlton Blues v Brisbane Lions,Hugh McCluggage,Disposals,26.0,,,2025-07-10T09:30:00.000Z,fd3011fa-3827-4775-bd84-ad84acdbb484,Hugh McCluggage disposals 26,pickem_disposals
Carlton Blues v Brisbane Lions,Lachie Neale,Disposals,25.5,,,2025-07-10T09:30:00.000Z,fd3011fa-3827-4775-bd84-ad84acdbb484,Lachie Neale disposals 25.5,pickem_disposals
Carlton Blues v Brisbane Lions,Will Ashcroft,Disposals,26.5,,,2025-07-10T09:30:00.000Z,fd3011fa-3827-4775-bd84-ad84acdbb484,Will Ashcroft disposals 26.5,pickem_disposals
Carlton Blues v Brisbane Lions,George Hewett,Disposals,26.5,,,2025-07-10T09:30:00.000Z,fd3011fa-3827-4775-bd84-ad84acdbb484,George Hewett disposals 26.5,pickem_disposals
Carlton Blues v Brisbane Lions,Patrick Cripps,Disposals,24.0,,,2025-07-10T09:30:00.000Z,fd3011fa-3827-4775-bd84-ad84acdbb484,Patrick Cripps disposals 24,pickem_disposals
Carlton Blues v Brisbane Lions,Will Ashcroft,Disposals,25.5,,,2025-07-10T09:30:00.000Z,fd3011fa-3827-4775-bd84-ad84acdbb484,Will Ashcroft disposals 25.5,pickem_disposals
Carlton Blues v Brisbane Lions,Zac Bailey,Disposals,18.5,,,2025-07-10T09:30:00.000Z,fd3011fa-3827-4775-bd84-ad84acdbb484,Zac Bailey disposals 18.5,pickem_disposals
Carlton Blues v Brisbane Lions,Oscar McInerney,Disposals,11.5,,,2025-07-10T09:30:00.000Z,fd3011fa-3827-4775-bd84-ad84acdbb484,Oscar McInerney disposals 11.5,pickem_disposals
Carlton Blues v Brisbane Lions,Tom De Koning,Disposals,18.0,,,2025-07-10T09:30:00.000Z,fd3011fa-3827-4775-bd84-ad84acdbb484,Tom De Koning disposals 18,pickem_disposals
Carlton Blues v Brisbane Lions,Tom De Koning,Disposals,14.5,,,2025-07-10T09:30:00.000Z,fd3011fa-3827-4775-bd84-ad84acdbb484,Tom De Koning disposals 14.5,pickem_disposals
Carlton Blues v Brisbane Lions,Adam Cerra,Tackles,4.5,,,2025-07-10T09:30:00.000Z,fd3011fa-3827-4775-bd84-ad84acdbb484,Adam Cerra tackles 4.5,pickem_tackles
Carlton Blues v Brisbane Lions,George Hewett,Tackles,6.0,,,2025-07-10T09:30:00.000Z,fd3011fa-3827-4775-bd84-ad84acdbb484,George Hewett tackles 6,pickem_tackles
Carlton Blues v Brisbane Lions,Patrick Cripps,Tackles,5.5,,,2025-07-10T09:30:00.000Z,fd3011fa-3827-4775-bd84-ad84acdbb484,Patrick Cripps tackles 5.5,pickem_tackles
Carlton Blues v Brisbane Lions,Cooper Lord,Tackles,3.0,,,2025-07-10T09:30:00.000Z,fd3011fa-3827-4775-bd84-ad84acdbb484,Cooper Lord tackles 3,pickem_tackles
Carlton Blues v Brisbane Lions,Jesse Motlop,Tackles,4.0,,,2025-07-10T09:30:00.000Z,fd3011fa-3827-4775-bd84-ad84acdbb484,Jesse Motlop tackles 4,pickem_tackles
Carlton Blues v Brisbane Lions,Lachie Fogarty,Tackles,3.5,,,2025-07-10T09:30:00.000Z,fd3011fa-3827-4775-bd84-ad84acdbb484,Lachie Fogarty tackles 3.5,pickem_tackles
Carlton Blues v Brisbane Lions,Tom De Koning,Tackles,3.0,,,2025-07-10T09:30:00.000Z,fd3011fa-3827-4775-bd84-ad84acdbb484,Tom De Koning tackles 3,pickem_tackles
Carlton Blues v Brisbane Lions,Hugh McCluggage,Tackles,4.5,,,2025-07-10T09:30:00.000Z,fd3011fa-3827-4775-bd84-ad84acdbb484,Hugh McCluggage tackles 4.5,pickem_tackles
Carlton Blues v Brisbane Lions,Lachie Neale,Tackles,3.5,,,2025-07-10T09:30:00.000Z,fd3011fa-3827-4775-bd84-ad84acdbb484,Lachie Neale tackles 3.5,pickem_tackles
Carlton Blues v Brisbane Lions,Will Ashcroft,Tackles,2.5,,,2025-07-10T09:30:00.000Z,fd3011fa-3827-4775-bd84-ad84acdbb484,Will Ashcroft tackles 2.5,pickem_tackles
Carlton Blues v Brisbane Lions,Jarrod Berry,Tackles,3.0,,,2025-07-10T09:30:00.000Z,fd3011fa-3827-4775-bd84-ad84acdbb484,Jarrod Berry tackles 3,pickem_tackles
Carlton Blues v Brisbane Lions,Josh Dunkley,Tackles,6.5,,,2025-07-10T09:30:00.000Z,fd3011fa-3827-4775-bd84-ad84acdbb484,Josh Dunkley tackles 6.5,pickem_tackles
Carlton Blues v Brisbane Lions,Zac Bailey,Tackles,2.0,,,2025-07-10T09:30:00.000Z,fd3011fa-3827-4775-bd84-ad84acdbb484,Zac Bailey tackles 2,pickem_tackles
Carlton Blues v Brisbane Lions,Adam Cerra,Supercoach,98.5,,,2025-07-10T09:30:00.000Z,fd3011fa-3827-4775-bd84-ad84acdbb484,Adam Cerra supercoach 98.5,pickem_supercoach
Carlton Blues v Brisbane Lions,George Hewett,Supercoach,102.5,,,2025-07-10T09:30:00.000Z,fd3011fa-3827-4775-bd84-ad84acdbb484,George Hewett supercoach 102.5,pickem_supercoach
Carlton Blues v Brisbane Lions,Patrick Cripps,Supercoach,92.5,,,2025-07-10T09:30:00.000Z,fd3011fa-3827-4775-bd84-ad84acdbb484,Patrick Cripps supercoach 92.5,pickem_supercoach
Carlton Blues v Brisbane Lions,Sam Docherty,Supercoach,90.5,,,2025-07-10T09:30:00.000Z,fd3011fa-3827-4775-bd84-ad84acdbb484,Sam Docherty supercoach 90.5,pickem_supercoach
Carlton Blues v Brisbane Lions,Charlie Curnow,Supercoach,67.5,,,2025-07-10T09:30:00.000Z,fd3011fa-3827-4775-bd84-ad84acdbb484,Charlie Curnow supercoach 67.5,pickem_supercoach
Carlton Blues v Brisbane Lions,Jacob Weitering,Supercoach,76.5,,,2025-07-10T09:30:00.000Z,fd3011fa-3827-4775-bd84-ad84acdbb484,Jacob Weitering supercoach 76.5,pickem_supercoach
Carlton Blues v Brisbane Lions,Nick Haynes,Supercoach,77.5,,,2025-07-10T09:30:00.000Z,fd3011fa-3827-4775-bd84-ad84acdbb484,Nick Haynes supercoach 77.5,pickem_supercoach
Carlton Blues v Brisbane Lions,Oliver Hollands,Supercoach,68.5,,,2025-07-10T09:30:00.000Z,fd3011fa-3827-4775-bd84-ad84acdbb484,Oliver Hollands supercoach 68.5,pickem_supercoach
Carlton Blues v Brisbane Lions,Dayne Zorko,Supercoach,102.5,,,2025-07-10T09:30:00.000Z,fd3011fa-3827-4775-bd84-ad84acdbb484,Dayne Zorko supercoach 102.5,pickem_supercoach
Carlton Blues v Brisbane Lions,Hugh McCluggage,Supercoach,116.5,,,2025-07-10T09:30:00.000Z,fd3011fa-3827-4775-bd84-ad84acdbb484,Hugh McCluggage supercoach 116.5,pickem_supercoach
Carlton Blues v Brisbane Lions,Lachie Neale,Supercoach,109.5,,,2025-07-10T09:30:00.000Z,fd3011fa-3827-4775-bd84-ad84acdbb484,Lachie Neale supercoach 109.5,pickem_supercoach
Carlton Blues v Brisbane Lions,Will Ashcroft,Supercoach,101.5,,,2025-07-10T09:30:00.000Z,fd3011fa-3827-4775-bd84-ad84acdbb484,Will Ashcroft supercoach 101.5,pickem_supercoach
Carlton Blues v Brisbane Lions,Harris Andrews,Supercoach,80.5,,,2025-07-10T09:30:00.000Z,fd3011fa-3827-4775-bd84-ad84acdbb484,Harris Andrews supercoach 80.5,pickem_supercoach
Carlton Blues v Brisbane Lions,Jarrod Berry,Supercoach,84.5,,,2025-07-10T09:30:00.000Z,fd3011fa-3827-4775-bd84-ad84acdbb484,Jarrod Berry supercoach 84.5,pickem_supercoach
Carlton Blues v Brisbane Lions,Jaspa Fletcher,Supercoach,75.5,,,2025-07-10T09:30:00.000Z,fd3011fa-3827-4775-bd84-ad84acdbb484,Jaspa Fletcher supercoach 75.5,pickem_supercoach
Carlton Blues v Brisbane Lions,Josh Dunkley,Supercoach,107.5,,,2025-07-10T09:30:00.000Z,fd3011fa-3827-4775-bd84-ad84acdbb484,Josh Dunkley supercoach 107.5,pickem_supercoach
Carlton Blues v Brisbane Lions,Zac Bailey,Supercoach,90.5,,,2025-07-10T09:30:00.000Z,fd3011fa-3827-4775-bd84-ad84acdbb484,Zac Bailey supercoach 90.5,pickem_supercoach
Carlton Blues v Brisbane Lions,Sam Docherty,Marks,6.5,,,2025-07-10T09:30:00.000Z,fd3011fa-3827-4775-bd84-ad84acdbb484,Sam Docherty marks 6.5,pickem_marks
Carlton Blues v Brisbane Lions,Charlie Curnow,Marks,6.0,,,2025-07-10T09:30:00.000Z,fd3011fa-3827-4775-bd84-ad84acdbb484,Charlie Curnow marks 6,pickem_marks
Carlton Blues v Brisbane Lions,Jacob Weitering,Marks,7.0,,,2025-07-10T09:30:00.000Z,fd3011fa-3827-4775-bd84-ad84acdbb484,Jacob Weitering marks 7,pickem_marks
Carlton Blues v Brisbane Lions,Lachlan Cowan,Marks,4.5,,,2025-07-10T09:30:00.000Z,fd3011fa-3827-4775-bd84-ad84acdbb484,Lachlan Cowan marks 4.5,pickem_marks
Carlton Blues v Brisbane Lions,Mitch McGovern,Marks,5.0,,,2025-07-10T09:30:00.000Z,fd3011fa-3827-4775-bd84-ad84acdbb484,Mitch McGovern marks 5,pickem_marks
Carlton Blues v Brisbane Lions,Nick Haynes,Marks,8.0,,,2025-07-10T09:30:00.000Z,fd3011fa-3827-4775-bd84-ad84acdbb484,Nick Haynes marks 8,pickem_marks
Carlton Blues v Brisbane Lions,Oliver Hollands,Marks,5.0,,,2025-07-10T09:30:00.000Z,fd3011fa-3827-4775-bd84-ad84acdbb484,Oliver Hollands marks 5,pickem_marks
Carlton Blues v Brisbane Lions,Dayne Zorko,Marks,6.5,,,2025-07-10T09:30:00.000Z,fd3011fa-3827-4775-bd84-ad84acdbb484,Dayne Zorko marks 6.5,pickem_marks
Carlton Blues v Brisbane Lions,Logan Morris,Marks,4.0,,,2025-07-10T09:30:00.000Z,fd3011fa-3827-4775-bd84-ad84acdbb484,Logan Morris marks 4,pickem_marks
Carlton Blues v Brisbane Lions,Charlie Cameron,Marks,4.0,,,2025-07-10T09:30:00.000Z,fd3011fa-3827-4775-bd84-ad84acdbb484,Charlie Cameron marks 4,pickem_marks
Carlton Blues v Brisbane Lions,Callum Ah Chee,Marks,4.0,,,2025-07-10T09:30:00.000Z,fd3011fa-3827-4775-bd84-ad84acdbb484,Callum Ah Chee marks 4,pickem_marks
Carlton Blues v Brisbane Lions,Darcy Wilmot,Marks,5.5,,,2025-07-10T09:30:00.000Z,fd3011fa-3827-4775-bd84-ad84acdbb484,Darcy Wilmot marks 5.5,pickem_marks
Carlton Blues v Brisbane Lions,Eric Hipwood,Marks,4.5,,,2025-07-10T09:30:00.000Z,fd3011fa-3827-4775-bd84-ad84acdbb484,Eric Hipwood marks 4.5,pickem_marks
Carlton Blues v Brisbane Lions,Harris Andrews,Marks,7.5,,,2025-07-10T09:30:00.000Z,fd3011fa-3827-4775-bd84-ad84acdbb484,Harris Andrews marks 7.5,pickem_marks
Carlton Blues v Brisbane Lions,Jarrod Berry,Marks,6.5,,,2025-07-10T09:30:00.000Z,fd3011fa-3827-4775-bd84-ad84acdbb484,Jarrod Berry marks 6.5,pickem_marks
Carlton Blues v Brisbane Lions,Jaspa Fletcher,Marks,5.0,,,2025-07-10T09:30:00.000Z,fd3011fa-3827-4775-bd84-ad84acdbb484,Jaspa Fletcher marks 5,pickem_marks
Carlton Blues v Brisbane Lions,Noah Answerth,Marks,5.0,,,2025-07-10T09:30:00.000Z,fd3011fa-3827-4775-bd84-ad84acdbb484,Noah Answerth marks 5,pickem_marks
Carlton Blues v Brisbane Lions,Ryan Lester,Marks,4.5,,,2025-07-10T09:30:00.000Z,fd3011fa-3827-4775-bd84-ad84acdbb484,Ryan Lester marks 4.5,pickem_marks
Carlton Blues v Brisbane Lions,Jesse Motlop,Goals,1.5,,,2025-07-10T09:30:00.000Z,fd3011fa-3827-4775-bd84-ad84acdbb484,Jesse Motlop goals 1.5,pickem_goals
Carlton Blues v Brisbane Lions,Charlie Curnow,Disposals,12.0,,,2025-07-10T09:30:00.000Z,fd3011fa-3827-4775-bd84-ad84acdbb484,Charlie Curnow disposals 12,pickem_disposals
Carlton Blues v Brisbane Lions,Zac Williams,Disposals,15.5,,,2025-07-10T09:30:00.000Z,fd3011fa-3827-4775-bd84-ad84acdbb484,Zac Williams disposals 15.5,pickem_disposals
Carlton Blues v Brisbane Lions,Lachie Fogarty,Goals,0.5,,,2025-07-10T09:30:00.000Z,fd3011fa-3827-4775-bd84-ad84acdbb484,Lachie Fogarty goals 0.5,pickem_goals
Carlton Blues v Brisbane Lions,Mitch McGovern,Goals,1.5,,,2025-07-10T09:30:00.000Z,fd3011fa-3827-4775-bd84-ad84acdbb484,Mitch McGovern goals 1.5,pickem_goals
Carlton Blues v Brisbane Lions,Orazio Fantasia,Goals,1.5,,,2025-07-10T09:30:00.000Z,fd3011fa-3827-4775-bd84-ad84acdbb484,Orazio Fantasia goals 1.5,pickem_goals
Carlton Blues v Brisbane Lions,Tom De Koning,Goals,0.5,,,2025-07-10T09:30:00.000Z,fd3011fa-3827-4775-bd84-ad84acdbb484,Tom De Koning goals 0.5,pickem_goals
Carlton Blues v Brisbane Lions,Callum Ah Chee,Goals,1.0,,,2025-07-10T09:30:00.000Z,fd3011fa-3827-4775-bd84-ad84acdbb484,Callum Ah Chee goals 1,pickem_goals
Carlton Blues v Brisbane Lions,Cam Rayner,Goals,1.5,,,2025-07-10T09:30:00.000Z,fd3011fa-3827-4775-bd84-ad84acdbb484,Cam Rayner goals 1.5,pickem_goals
Carlton Blues v Brisbane Lions,Eric Hipwood,Goals,1.5,,,2025-07-10T09:30:00.000Z,fd3011fa-3827-4775-bd84-ad84acdbb484,Eric Hipwood goals 1.5,pickem_goals
Carlton Blues v Brisbane Lions,Kai Lohmann,Goals,1.0,,,2025-07-10T09:30:00.000Z,fd3011fa-3827-4775-bd84-ad84acdbb484,Kai Lohmann goals 1,pickem_goals
Carlton Blues v Brisbane Lions,Levi Ashcroft,Goals,0.5,,,2025-07-10T09:30:00.000Z,fd3011fa-3827-4775-bd84-ad84acdbb484,Levi Ashcroft goals 0.5,pickem_goals
Carlton Blues v Brisbane Lions,Zac Bailey,Goals,1.5,,,2025-07-10T09:30:00.000Z,fd3011fa-3827-4775-bd84-ad84acdbb484,Zac Bailey goals 1.5,pickem_goals
Carlton Blues v Brisbane Lions,Oscar McInerney,Goals,0.5,,,2025-07-10T09:30:00.000Z,fd3011fa-3827-4775-bd84-ad84acdbb484,Oscar McInerney goals 0.5,pickem_goals
Carlton Blues v Brisbane Lions,Adam Cerra,Fantasy,93.5,,,2025-07-10T09:30:00.000Z,fd3011fa-3827-4775-bd84-ad84acdbb484,Adam Cerra fantasy 93.5,pickem_fantasy
Carlton Blues v Brisbane Lions,George Hewett,Fantasy,90.5,,,2025-07-10T09:30:00.000Z,fd3011fa-3827-4775-bd84-ad84acdbb484,George Hewett fantasy 90.5,pickem_fantasy
Carlton Blues v Brisbane Lions,Patrick Cripps,Fantasy,82.5,,,2025-07-10T09:30:00.000Z,fd3011fa-3827-4775-bd84-ad84acdbb484,Patrick Cripps fantasy 82.5,pickem_fantasy
Carlton Blues v Brisbane Lions,Sam Docherty,Fantasy,90.5,,,2025-07-10T09:30:00.000Z,fd3011fa-3827-4775-bd84-ad84acdbb484,Sam Docherty fantasy 90.5,pickem_fantasy
Carlton Blues v Brisbane Lions,Cooper Lord,Disposals,16.5,,,2025-07-10T09:30:00.000Z,fd3011fa-3827-4775-bd84-ad84acdbb484,Cooper Lord disposals 16.5,pickem_disposals
Carlton Blues v Brisbane Lions,Jacob Weitering,Disposals,13.5,,,2025-07-10T09:30:00.000Z,fd3011fa-3827-4775-bd84-ad84acdbb484,Jacob Weitering disposals 13.5,pickem_disposals
Carlton Blues v Brisbane Lions,Jesse Motlop,Disposals,9.0,,,2025-07-10T09:30:00.000Z,fd3011fa-3827-4775-bd84-ad84acdbb484,Jesse Motlop disposals 9,pickem_disposals
Carlton Blues v Brisbane Lions,Lachie Fogarty,Disposals,12.5,,,2025-07-10T09:30:00.000Z,fd3011fa-3827-4775-bd84-ad84acdbb484,Lachie Fogarty disposals 12.5,pickem_disposals
Carlton Blues v Brisbane Lions,Nick Haynes,Fantasy,78.5,,,2025-07-10T09:30:00.000Z,fd3011fa-3827-4775-bd84-ad84acdbb484,Nick Haynes fantasy 78.5,pickem_fantasy
Carlton Blues v Brisbane Lions,Lachlan Cowan,Disposals,13.5,,,2025-07-10T09:30:00.000Z,fd3011fa-3827-4775-bd84-ad84acdbb484,Lachlan Cowan disposals 13.5,pickem_disposals
Carlton Blues v Brisbane Lions,Mitch McGovern,Disposals,15.0,,,2025-07-10T09:30:00.000Z,fd3011fa-3827-4775-bd84-ad84acdbb484,Mitch McGovern disposals 15,pickem_disposals
Carlton Blues v Brisbane Lions,Nick Haynes,Disposals,16.5,,,2025-07-10T09:30:00.000Z,fd3011fa-3827-4775-bd84-ad84acdbb484,Nick Haynes disposals 16.5,pickem_disposals
Carlton Blues v Brisbane Lions,Dayne Zorko,Fantasy,96.5,,,2025-07-10T09:30:00.000Z,fd3011fa-3827-4775-bd84-ad84acdbb484,Dayne Zorko fantasy 96.5,pickem_fantasy
Carlton Blues v Brisbane Lions,Hugh McCluggage,Fantasy,104.5,,,2025-07-10T09:30:00.000Z,fd3011fa-3827-4775-bd84-ad84acdbb484,Hugh McCluggage fantasy 104.5,pickem_fantasy
Carlton Blues v Brisbane Lions,Lachie Neale,Fantasy,96.5,,,2025-07-10T09:30:00.000Z,fd3011fa-3827-4775-bd84-ad84acdbb484,Lachie Neale fantasy 96.5,pickem_fantasy
Carlton Blues v Brisbane Lions,Will Ashcroft,Fantasy,94.5,,,2025-07-10T09:30:00.000Z,fd3011fa-3827-4775-bd84-ad84acdbb484,Will Ashcroft fantasy 94.5,pickem_fantasy
Carlton Blues v Brisbane Lions,Jarrod Berry,Fantasy,84.5,,,2025-07-10T09:30:00.000Z,fd3011fa-3827-4775-bd84-ad84acdbb484,Jarrod Berry fantasy 84.5,pickem_fantasy
Carlton Blues v Brisbane Lions,Josh Dunkley,Fantasy,92.5,,,2025-07-10T09:30:00.000Z,fd3011fa-3827-4775-bd84-ad84acdbb484,Josh Dunkley fantasy 92.5,pickem_fantasy
Carlton Blues v Brisbane Lions,Oliver Hollands,Disposals,19.0,,,2025-07-10T09:30:00.000Z,fd3011fa-3827-4775-bd84-ad84acdbb484,Oliver Hollands disposals 19,pickem_disposals
Carlton Blues v Brisbane Lions,Orazio Fantasia,Disposals,11.0,,,2025-07-10T09:30:00.000Z,fd3011fa-3827-4775-bd84-ad84acdbb484,Orazio Fantasia disposals 11,pickem_disposals
Carlton Blues v Brisbane Lions,Tom De Koning,Disposals,14.0,,,2025-07-10T09:30:00.000Z,fd3011fa-3827-4775-bd84-ad84acdbb484,Tom De Koning disposals 14,pickem_disposals
Carlton Blues v Brisbane Lions,Logan Morris,Disposals,10.5,,,2025-07-10T09:30:00.000Z,fd3011fa-3827-4775-bd84-ad84acdbb484,Logan Morris disposals 10.5,pickem_disposals
Carlton Blues v Brisbane Lions,Charlie Cameron,Disposals,10.0,,,2025-07-10T09:30:00.000Z,fd3011fa-3827-4775-bd84-ad84acdbb484,Charlie Cameron disposals 10,pickem_disposals
Carlton Blues v Brisbane Lions,Brandon Starcevich,Disposals,10.5,,,2025-07-10T09:30:00.000Z,fd3011fa-3827-4775-bd84-ad84acdbb484,Brandon Starcevich disposals 10.5,pickem_disposals
Carlton Blues v Brisbane Lions,Callum Ah Chee,Disposals,12.5,,,2025-07-10T09:30:00.000Z,fd3011fa-3827-4775-bd84-ad84acdbb484,Callum Ah Chee disposals 12.5,pickem_disposals
Carlton Blues v Brisbane Lions,Cam Rayner,Disposals,17.5,,,2025-07-10T09:30:00.000Z,fd3011fa-3827-4775-bd84-ad84acdbb484,Cam Rayner disposals 17.5,pickem_disposals
Carlton Blues v Brisbane Lions,Darcy Wilmot,Disposals,17.0,,,2025-07-10T09:30:00.000Z,fd3011fa-3827-4775-bd84-ad84acdbb484,Darcy Wilmot disposals 17,pickem_disposals
Carlton Blues v Brisbane Lions,Eric Hipwood,Disposals,10.0,,,2025-07-10T09:30:00.000Z,fd3011fa-3827-4775-bd84-ad84acdbb484,Eric Hipwood disposals 10,pickem_disposals
Carlton Blues v Brisbane Lions,Harris Andrews,Disposals,13.5,,,2025-07-10T09:30:00.000Z,fd3011fa-3827-4775-bd84-ad84acdbb484,Harris Andrews disposals 13.5,pickem_disposals
Carlton Blues v Brisbane Lions,Jarrod Berry,Disposals,20.0,,,2025-07-10T09:30:00.000Z,fd3011fa-3827-4775-bd84-ad84acdbb484,Jarrod Berry disposals 20,pickem_disposals
Carlton Blues v Brisbane Lions,Jaspa Fletcher,Disposals,19.5,,,2025-07-10T09:30:00.000Z,fd3011fa-3827-4775-bd84-ad84acdbb484,Jaspa Fletcher disposals 19.5,pickem_disposals
Carlton Blues v Brisbane Lions,Josh Dunkley,Disposals,23.5,,,2025-07-10T09:30:00.000Z,fd3011fa-3827-4775-bd84-ad84acdbb484,Josh Dunkley disposals 23.5,pickem_disposals
Carlton Blues v Brisbane Lions,Kai Lohmann,Disposals,12.0,,,2025-07-10T09:30:00.000Z,fd3011fa-3827-4775-bd84-ad84acdbb484,Kai Lohmann disposals 12,pickem_disposals
Carlton Blues v Brisbane Lions,Levi Ashcroft,Disposals,19.0,,,2025-07-10T09:30:00.000Z,fd3011fa-3827-4775-bd84-ad84acdbb484,Levi Ashcroft disposals 19,pickem_disposals
Carlton Blues v Brisbane Lions,Noah Answerth,Disposals,13.0,,,2025-07-10T09:30:00.000Z,fd3011fa-3827-4775-bd84-ad84acdbb484,Noah Answerth disposals 13,pickem_disposals
Carlton Blues v Brisbane Lions,Ryan Lester,Disposals,12.5,,,2025-07-10T09:30:00.000Z,fd3011fa-3827-4775-bd84-ad84acdbb484,Ryan Lester disposals 12.5,pickem_disposals
Gold Coast Suns v Collingwood Magpies,Touk Miller,Goals,1.5,,,2025-07-11T09:40:00.000Z,15e154fd-a1fa-4af2-80d8-2af3e4186c64,Touk Miller goals 1.5,pickem_goals
Gold Coast Suns v Collingwood Magpies,Ben King,Goals,2.5,,,2025-07-11T09:40:00.000Z,15e154fd-a1fa-4af2-80d8-2af3e4186c64,Ben King goals 2.5,pickem_goals
Gold Coast Suns v Collingwood Magpies,Ben Long,Goals,1.5,,,2025-07-11T09:40:00.000Z,15e154fd-a1fa-4af2-80d8-2af3e4186c64,Ben Long goals 1.5,pickem_goals
Gold Coast Suns v Collingwood Magpies,Nick Daicos,Goals,1.5,,,2025-07-11T09:40:00.000Z,15e154fd-a1fa-4af2-80d8-2af3e4186c64,Nick Daicos goals 1.5,pickem_goals
Gold Coast Suns v Collingwood Magpies,Jamie Elliott,Goals,2.5,,,2025-07-11T09:40:00.000Z,15e154fd-a1fa-4af2-80d8-2af3e4186c64,Jamie Elliott goals 2.5,pickem_goals
Gold Coast Suns v Collingwood Magpies,Brody Mihocek,Goals,1.5,,,2025-07-11T09:40:00.000Z,15e154fd-a1fa-4af2-80d8-2af3e4186c64,Brody Mihocek goals 1.5,pickem_goals
Gold Coast Suns v Collingwood Magpies,John Noble,Disposals,25.0,,,2025-07-11T09:40:00.000Z,15e154fd-a1fa-4af2-80d8-2af3e4186c64,John Noble disposals 25,pickem_disposals
Gold Coast Suns v Collingwood Magpies,Matt Rowell,Disposals,24.5,,,2025-07-11T09:40:00.000Z,15e154fd-a1fa-4af2-80d8-2af3e4186c64,Matt Rowell disposals 24.5,pickem_disposals
Gold Coast Suns v Collingwood Magpies,Noah Anderson,Disposals,30.5,,,2025-07-11T09:40:00.000Z,15e154fd-a1fa-4af2-80d8-2af3e4186c64,Noah Anderson disposals 30.5,pickem_disposals
Gold Coast Suns v Collingwood Magpies,Touk Miller,Disposals,25.0,,,2025-07-11T09:40:00.000Z,15e154fd-a1fa-4af2-80d8-2af3e4186c64,Touk Miller disposals 25,pickem_disposals
Gold Coast Suns v Collingwood Magpies,Josh Daicos,Disposals,28.5,,,2025-07-11T09:40:00.000Z,15e154fd-a1fa-4af2-80d8-2af3e4186c64,Josh Daicos disposals 28.5,pickem_disposals
Gold Coast Suns v Collingwood Magpies,Nick Daicos,Disposals,31.5,,,2025-07-11T09:40:00.000Z,15e154fd-a1fa-4af2-80d8-2af3e4186c64,Nick Daicos disposals 31.5,pickem_disposals
Gold Coast Suns v Collingwood Magpies,Scott Pendlebury,Disposals,23.5,,,2025-07-11T09:40:00.000Z,15e154fd-a1fa-4af2-80d8-2af3e4186c64,Scott Pendlebury disposals 23.5,pickem_disposals
Gold Coast Suns v Collingwood Magpies,Tom Mitchell,Disposals,24.0,,,2025-07-11T09:40:00.000Z,15e154fd-a1fa-4af2-80d8-2af3e4186c64,Tom Mitchell disposals 24,pickem_disposals
Western Bulldogs v Adelaide Crows,Ed Richards,Goals,0.5,,,2025-07-12T03:20:00.000Z,42ffd067-0e0e-4073-9cf6-3780cbcb3be2,Ed Richards goals 0.5,pickem_goals
Western Bulldogs v Adelaide Crows,Marcus Bontempelli,Goals,1.5,,,2025-07-12T03:20:00.000Z,42ffd067-0e0e-4073-9cf6-3780cbcb3be2,Marcus Bontempelli goals 1.5,pickem_goals
Western Bulldogs v Adelaide Crows,Matthew Kennedy,Goals,1.5,,,2025-07-12T03:20:00.000Z,42ffd067-0e0e-4073-9cf6-3780cbcb3be2,Matthew Kennedy goals 1.5,pickem_goals
Western Bulldogs v Adelaide Crows,Sam Darcy,Goals,2.5,,,2025-07-12T03:20:00.000Z,42ffd067-0e0e-4073-9cf6-3780cbcb3be2,Sam Darcy goals 2.5,pickem_goals
Western Bulldogs v Adelaide Crows,Aaron Naughton,Goals,2.5,,,2025-07-12T03:20:00.000Z,42ffd067-0e0e-4073-9cf6-3780cbcb3be2,Aaron Naughton goals 2.5,pickem_goals
Western Bulldogs v Adelaide Crows,Izak Rankine,Goals,1.5,,,2025-07-12T03:20:00.000Z,42ffd067-0e0e-4073-9cf6-3780cbcb3be2,Izak Rankine goals 1.5,pickem_goals
Western Bulldogs v Adelaide Crows,Jordan Dawson,Goals,0.5,,,2025-07-12T03:20:00.000Z,42ffd067-0e0e-4073-9cf6-3780cbcb3be2,Jordan Dawson goals 0.5,pickem_goals
Western Bulldogs v Adelaide Crows,Riley Thilthorpe,Goals,2.5,,,2025-07-12T03:20:00.000Z,42ffd067-0e0e-4073-9cf6-3780cbcb3be2,Riley Thilthorpe goals 2.5,pickem_goals
Western Bulldogs v Adelaide Crows,Darcy Fogarty,Goals,2.5,,,2025-07-12T03:20:00.000Z,42ffd067-0e0e-4073-9cf6-3780cbcb3be2,Darcy Fogarty goals 2.5,pickem_goals
Western Bulldogs v Adelaide Crows,Ed Richards,Disposals,26.5,,,2025-07-12T03:20:00.000Z,42ffd067-0e0e-4073-9cf6-3780cbcb3be2,Ed Richards disposals 26.5,pickem_disposals
Western Bulldogs v Adelaide Crows,Marcus Bontempelli,Disposals,25.0,,,2025-07-12T03:20:00.000Z,42ffd067-0e0e-4073-9cf6-3780cbcb3be2,Marcus Bontempelli disposals 25,pickem_disposals
Western Bulldogs v Adelaide Crows,Matthew Kennedy,Disposals,24.5,,,2025-07-12T03:20:00.000Z,42ffd067-0e0e-4073-9cf6-3780cbcb3be2,Matthew Kennedy disposals 24.5,pickem_disposals
Western Bulldogs v Adelaide Crows,Tom Liberatore,Disposals,27.5,,,2025-07-12T03:20:00.000Z,42ffd067-0e0e-4073-9cf6-3780cbcb3be2,Tom Liberatore disposals 27.5,pickem_disposals
Western Bulldogs v Adelaide Crows,Izak Rankine,Disposals,20.0,,,2025-07-12T03:20:00.000Z,42ffd067-0e0e-4073-9cf6-3780cbcb3be2,Izak Rankine disposals 20,pickem_disposals
Western Bulldogs v Adelaide Crows,James Peatling,Disposals,20.5,,,2025-07-12T03:20:00.000Z,42ffd067-0e0e-4073-9cf6-3780cbcb3be2,James Peatling disposals 20.5,pickem_disposals
Western Bulldogs v Adelaide Crows,Jordan Dawson,Disposals,24.5,,,2025-07-12T03:20:00.000Z,42ffd067-0e0e-4073-9cf6-3780cbcb3be2,Jordan Dawson disposals 24.5,pickem_disposals
Western Bulldogs v Adelaide Crows,Rory Laird,Disposals,25.0,,,2025-07-12T03:20:00.000Z,42ffd067-0e0e-4073-9cf6-3780cbcb3be2,Rory Laird disposals 25,pickem_disposals
Western Bulldogs v Adelaide Crows,Marcus Bontempelli,Disposals,24.5,,,2025-07-12T03:20:00.000Z,42ffd067-0e0e-4073-9cf6-3780cbcb3be2,Marcus Bontempelli disposals 24.5,pickem_disposals
Western Bulldogs v Adelaide Crows,Tom Liberatore,Disposals,26.5,,,2025-07-12T03:20:00.000Z,42ffd067-0e0e-4073-9cf6-3780cbcb3be2,Tom Liberatore disposals 26.5,pickem_disposals
Western Bulldogs v Adelaide Crows,Izak Rankine,Disposals,19.0,,,2025-07-12T03:20:00.000Z,42ffd067-0e0e-4073-9cf6-3780cbcb3be2,Izak Rankine disposals 19,pickem_disposals
Western Bulldogs v Adelaide Crows,Jordan Dawson,Disposals,24.0,,,2025-07-12T03:20:00.000Z,42ffd067-0e0e-4073-9cf6-3780cbcb3be2,Jordan Dawson disposals 24,pickem_disposals
Greater Western Sydney Giants v Geelong Cats,Josh Kelly,Goals,0.5,,,2025-07-12T06:15:00.000Z,90935ed2-b500-4900-b9d3-cc2754ca971c,Josh Kelly goals 0.5,pickem_goals
Greater Western Sydney Giants v Geelong Cats,Bailey Smith,Goals,0.5,,,2025-07-12T06:15:00.000Z,90935ed2-b500-4900-b9d3-cc2754ca971c,Bailey Smith goals 0.5,pickem_goals
Greater Western Sydney Giants v Geelong Cats,Gryan Miers,Goals,0.5,,,2025-07-12T06:15:00.000Z,90935ed2-b500-4900-b9d3-cc2754ca971c,Gryan Miers goals 0.5,pickem_goals
Greater Western Sydney Giants v Geelong Cats,Tom Green,Disposals,30.5,,,2025-07-12T06:15:00.000Z,90935ed2-b500-4900-b9d3-cc2754ca971c,Tom Green disposals 30.5,pickem_disposals
Greater Western Sydney Giants v Geelong Cats,Lachie Ash,Disposals,29.5,,,2025-07-12T06:15:00.000Z,90935ed2-b500-4900-b9d3-cc2754ca971c,Lachie Ash disposals 29.5,pickem_disposals
Greater Western Sydney Giants v Geelong Cats,Finn Callaghan,Disposals,27.5,,,2025-07-12T06:15:00.000Z,90935ed2-b500-4900-b9d3-cc2754ca971c,Finn Callaghan disposals 27.5,pickem_disposals
Greater Western Sydney Giants v Geelong Cats,Josh Kelly,Disposals,21.5,,,2025-07-12T06:15:00.000Z,90935ed2-b500-4900-b9d3-cc2754ca971c,Josh Kelly disposals 21.5,pickem_disposals
Greater Western Sydney Giants v Geelong Cats,Bailey Smith,Disposals,32.5,,,2025-07-12T06:15:00.000Z,90935ed2-b500-4900-b9d3-cc2754ca971c,Bailey Smith disposals 32.5,pickem_disposals
Greater Western Sydney Giants v Geelong Cats,Max Holmes,Disposals,29.0,,,2025-07-12T06:15:00.000Z,90935ed2-b500-4900-b9d3-cc2754ca971c,Max Holmes disposals 29,pickem_disposals
Greater Western Sydney Giants v Geelong Cats,Gryan Miers,Disposals,23.5,,,2025-07-12T06:15:00.000Z,90935ed2-b500-4900-b9d3-cc2754ca971c,Gryan Miers disposals 23.5,pickem_disposals
Greater Western Sydney Giants v Geelong Cats,Tom Stewart,Disposals,20.5,,,2025-07-12T06:15:00.000Z,90935ed2-b500-4900-b9d3-cc2754ca971c,Tom Stewart disposals 20.5,pickem_disposals
Greater Western Sydney Giants v Geelong Cats,Max Holmes,Disposals,27.4,,,2025-07-12T06:15:00.000Z,90935ed2-b500-4900-b9d3-cc2754ca971c,Max Holmes disposals 27.4,pickem_disposals
Greater Western Sydney Giants v Geelong Cats,Max Holmes,Disposals,27.5,,,2025-07-12T06:15:00.000Z,90935ed2-b500-4900-b9d3-cc2754ca971c,Max Holmes disposals 27.5,pickem_disposals
Greater Western Sydney Giants v Geelong Cats,Finn Callaghan,Disposals,28.0,,,2025-07-12T06:15:00.000Z,90935ed2-b500-4900-b9d3-cc2754ca971c,Finn Callaghan disposals 28,pickem_disposals
Greater Western Sydney Giants v Geelong Cats,Bailey Smith,Disposals,32.0,,,2025-07-12T06:15:00.000Z,90935ed2-b500-4900-b9d3-cc2754ca971c,Bailey Smith disposals 32,pickem_disposals
Greater Western Sydney Giants v Geelong Cats,Jesse Hogan,Goals,2.5,,,2025-07-12T06:15:00.000Z,90935ed2-b500-4900-b9d3-cc2754ca971c,Jesse Hogan goals 2.5,pickem_goals
Greater Western Sydney Giants v Geelong Cats,Toby Greene,Goals,1.5,,,2025-07-12T06:15:00.000Z,90935ed2-b500-4900-b9d3-cc2754ca971c,Toby Greene goals 1.5,pickem_goals
Greater Western Sydney Giants v Geelong Cats,Jeremy Cameron,Goals,3.5,,,2025-07-12T06:15:00.000Z,90935ed2-b500-4900-b9d3-cc2754ca971c,Jeremy Cameron goals 3.5,pickem_goals
Greater Western Sydney Giants v Geelong Cats,Shannon Neale,Goals,1.5,,,2025-07-12T06:15:00.000Z,90935ed2-b500-4900-b9d3-cc2754ca971c,Shannon Neale goals 1.5,pickem_goals
Greater Western Sydney Giants v Geelong Cats,Bailey Smith,Disposals,30.5,,,2025-07-12T06:15:00.000Z,90935ed2-b500-4900-b9d3-cc2754ca971c,Bailey Smith disposals 30.5,pickem_disposals
Greater Western Sydney Giants v Geelong Cats,Max Holmes,Disposals,28.0,,,2025-07-12T06:15:00.000Z,90935ed2-b500-4900-b9d3-cc2754ca971c,Max Holmes disposals 28,pickem_disposals
Richmond Tigers v Essendon Bombers,Sam Durham,Goals,0.5,,,2025-07-12T09:35:00.000Z,066e891c-585d-45e1-baf0-180b0e972276,Sam Durham goals 0.5,pickem_goals
Richmond Tigers v Essendon Bombers,Sam Durham,Disposals,23.5,,,2025-07-12T09:35:00.000Z,066e891c-585d-45e1-baf0-180b0e972276,Sam Durham disposals 23.5,pickem_disposals
Richmond Tigers v Essendon Bombers,Tim Taranto,Goals,0.5,,,2025-07-12T09:35:00.000Z,066e891c-585d-45e1-baf0-180b0e972276,Tim Taranto goals 0.5,pickem_goals
Richmond Tigers v Essendon Bombers,Zach Merrett,Goals,0.5,,,2025-07-12T09:35:00.000Z,066e891c-585d-45e1-baf0-180b0e972276,Zach Merrett goals 0.5,pickem_goals
Richmond Tigers v Essendon Bombers,Tim Taranto,Disposals,25.0,,,2025-07-12T09:35:00.000Z,066e891c-585d-45e1-baf0-180b0e972276,Tim Taranto disposals 25,pickem_disposals
Richmond Tigers v Essendon Bombers,Jacob Hopper,Disposals,24.0,,,2025-07-12T09:35:00.000Z,066e891c-585d-45e1-baf0-180b0e972276,Jacob Hopper disposals 24,pickem_disposals
Richmond Tigers v Essendon Bombers,Sam Banks,Disposals,23.5,,,2025-07-12T09:35:00.000Z,066e891c-585d-45e1-baf0-180b0e972276,Sam Banks disposals 23.5,pickem_disposals
Richmond Tigers v Essendon Bombers,Dion Prestia,Disposals,22.5,,,2025-07-12T09:35:00.000Z,066e891c-585d-45e1-baf0-180b0e972276,Dion Prestia disposals 22.5,pickem_disposals
Richmond Tigers v Essendon Bombers,Zach Merrett,Disposals,29.5,,,2025-07-12T09:35:00.000Z,066e891c-585d-45e1-baf0-180b0e972276,Zach Merrett disposals 29.5,pickem_disposals
Richmond Tigers v Essendon Bombers,Jye Caldwell,Disposals,27.5,,,2025-07-12T09:35:00.000Z,066e891c-585d-45e1-baf0-180b0e972276,Jye Caldwell disposals 27.5,pickem_disposals
Richmond Tigers v Essendon Bombers,Archie Roberts,Disposals,24.0,,,2025-07-12T09:35:00.000Z,066e891c-585d-45e1-baf0-180b0e972276,Archie Roberts disposals 24,pickem_disposals
Richmond Tigers v Essendon Bombers,Nic Martin,Goals,1.5,,,2025-07-12T09:35:00.000Z,066e891c-585d-45e1-baf0-180b0e972276,Nic Martin goals 1.5,pickem_goals
Richmond Tigers v Essendon Bombers,Sam Banks,Disposals,23.0,,,2025-07-12T09:35:00.000Z,066e891c-585d-45e1-baf0-180b0e972276,Sam Banks disposals 23,pickem_disposals
Richmond Tigers v Essendon Bombers,Zach Merrett,Disposals,31.0,,,2025-07-12T09:35:00.000Z,066e891c-585d-45e1-baf0-180b0e972276,Zach Merrett disposals 31,pickem_disposals
Richmond Tigers v Essendon Bombers,Archie Roberts,Disposals,24.5,,,2025-07-12T09:35:00.000Z,066e891c-585d-45e1-baf0-180b0e972276,Archie Roberts disposals 24.5,pickem_disposals
Richmond Tigers v Essendon Bombers,Nic Martin,Disposals,28.0,,,2025-07-12T09:35:00.000Z,066e891c-585d-45e1-baf0-180b0e972276,Nic Martin disposals 28,pickem_disposals
Richmond Tigers v Essendon Bombers,Nic Martin,Disposals,27.5,,,2025-07-12T09:35:00.000Z,066e891c-585d-45e1-baf0-180b0e972276,Nic Martin disposals 27.5,pickem_disposals
Richmond Tigers v Essendon Bombers,Zach Merrett,Disposals,30.5,,,2025-07-12T09:35:00.000Z,066e891c-585d-45e1-baf0-180b0e972276,Zach Merrett disposals 30.5,pickem_disposals
Richmond Tigers v Essendon Bombers,Seth Campbell,Goals,1.5,,,2025-07-12T09:35:00.000Z,066e891c-585d-45e1-baf0-180b0e972276,Seth Campbell goals 1.5,pickem_goals
Richmond Tigers v Essendon Bombers,Peter Wright,Goals,2.5,,,2025-07-12T09:35:00.000Z,066e891c-585d-45e1-baf0-180b0e972276,Peter Wright goals 2.5,pickem_goals
Richmond Tigers v Essendon Bombers,Nate Caddy,Goals,2.5,,,2025-07-12T09:35:00.000Z,066e891c-585d-45e1-baf0-180b0e972276,Nate Caddy goals 2.5,pickem_goals
Fremantle Dockers v Hawthorn Hawks,Caleb Serong,Goals,0.5,,,2025-07-12T10:10:00.000Z,e5c95c40-9011-487d-842a-096203aca9f9,Caleb Serong goals 0.5,pickem_goals
Fremantle Dockers v Hawthorn Hawks,Jai Newcombe,Goals,0.5,,,2025-07-12T10:10:00.000Z,e5c95c40-9011-487d-842a-096203aca9f9,Jai Newcombe goals 0.5,pickem_goals
Fremantle Dockers v Hawthorn Hawks,Andrew Brayshaw,Disposals,29.0,,,2025-07-12T10:10:00.000Z,e5c95c40-9011-487d-842a-096203aca9f9,Andrew Brayshaw disposals 29,pickem_disposals
Fremantle Dockers v Hawthorn Hawks,Caleb Serong,Disposals,28.5,,,2025-07-12T10:10:00.000Z,e5c95c40-9011-487d-842a-096203aca9f9,Caleb Serong disposals 28.5,pickem_disposals
Fremantle Dockers v Hawthorn Hawks,Jordan Clark,Disposals,24.0,,,2025-07-12T10:10:00.000Z,e5c95c40-9011-487d-842a-096203aca9f9,Jordan Clark disposals 24,pickem_disposals
Fremantle Dockers v Hawthorn Hawks,Luke Ryan,Disposals,21.0,,,2025-07-12T10:10:00.000Z,e5c95c40-9011-487d-842a-096203aca9f9,Luke Ryan disposals 21,pickem_disposals
Fremantle Dockers v Hawthorn Hawks,Jai Newcombe,Disposals,23.0,,,2025-07-12T10:10:00.000Z,e5c95c40-9011-487d-842a-096203aca9f9,Jai Newcombe disposals 23,pickem_disposals
Fremantle Dockers v Hawthorn Hawks,Karl Amon,Disposals,21.0,,,2025-07-12T10:10:00.000Z,e5c95c40-9011-487d-842a-096203aca9f9,Karl Amon disposals 21,pickem_disposals
Fremantle Dockers v Hawthorn Hawks,Josh Ward,Disposals,20.5,,,2025-07-12T10:10:00.000Z,e5c95c40-9011-487d-842a-096203aca9f9,Josh Ward disposals 20.5,pickem_disposals
Fremantle Dockers v Hawthorn Hawks,James Worpel,Disposals,20.5,,,2025-07-12T10:10:00.000Z,e5c95c40-9011-487d-842a-096203aca9f9,James Worpel disposals 20.5,pickem_disposals
Fremantle Dockers v Hawthorn Hawks,Caleb Serong,Disposals,28.0,,,2025-07-12T10:10:00.000Z,e5c95c40-9011-487d-842a-096203aca9f9,Caleb Serong disposals 28,pickem_disposals
Fremantle Dockers v Hawthorn Hawks,Andrew Brayshaw,Disposals,28.5,,,2025-07-12T10:10:00.000Z,e5c95c40-9011-487d-842a-096203aca9f9,Andrew Brayshaw disposals 28.5,pickem_disposals
Fremantle Dockers v Hawthorn Hawks,Karl Amon,Disposals,22.0,,,2025-07-12T10:10:00.000Z,e5c95c40-9011-487d-842a-096203aca9f9,Karl Amon disposals 22,pickem_disposals
Fremantle Dockers v Hawthorn Hawks,Josh Ward,Disposals,20.0,,,2025-07-12T10:10:00.000Z,e5c95c40-9011-487d-842a-096203aca9f9,Josh Ward disposals 20,pickem_disposals
Fremantle Dockers v Hawthorn Hawks,Josh Treacy,Goals,2.5,,,2025-07-12T10:10:00.000Z,e5c95c40-9011-487d-842a-096203aca9f9,Josh Treacy goals 2.5,pickem_goals
Fremantle Dockers v Hawthorn Hawks,Mabior Chol,Goals,1.5,,,2025-07-12T10:10:00.000Z,e5c95c40-9011-487d-842a-096203aca9f9,Mabior Chol goals 1.5,pickem_goals
Fremantle Dockers v Hawthorn Hawks,Jack Gunston,Goals,2.5,,,2025-07-12T10:10:00.000Z,e5c95c40-9011-487d-842a-096203aca9f9,Jack Gunston goals 2.5,pickem_goals
Fremantle Dockers v Hawthorn Hawks,Nick Watson,Goals,1.5,,,2025-07-12T10:10:00.000Z,e5c95c40-9011-487d-842a-096203aca9f9,Nick Watson goals 1.5,pickem_goals
Melbourne Demons v North Melbourne Kangaroos,Christian Petracca,Disposals,26.5,,,2025-07-13T03:10:00.000Z,5f0edb67-398d-4428-8e87-3a6b2ed8e457,Christian Petracca disposals 26.5,pickem_disposals
Melbourne Demons v North Melbourne Kangaroos,Clayton Oliver,Disposals,25.0,,,2025-07-13T03:10:00.000Z,5f0edb67-398d-4428-8e87-3a6b2ed8e457,Clayton Oliver disposals 25,pickem_disposals
Melbourne Demons v North Melbourne Kangaroos,Jake Bowey,Disposals,21.5,,,2025-07-13T03:10:00.000Z,5f0edb67-398d-4428-8e87-3a6b2ed8e457,Jake Bowey disposals 21.5,pickem_disposals
Melbourne Demons v North Melbourne Kangaroos,Trent Rivers,Disposals,21.5,,,2025-07-13T03:10:00.000Z,5f0edb67-398d-4428-8e87-3a6b2ed8e457,Trent Rivers disposals 21.5,pickem_disposals
Melbourne Demons v North Melbourne Kangaroos,Caleb Daniel,Disposals,25.5,,,2025-07-13T03:10:00.000Z,5f0edb67-398d-4428-8e87-3a6b2ed8e457,Caleb Daniel disposals 25.5,pickem_disposals
Melbourne Demons v North Melbourne Kangaroos,Colby McKercher,Disposals,29.5,,,2025-07-13T03:10:00.000Z,5f0edb67-398d-4428-8e87-3a6b2ed8e457,Colby McKercher disposals 29.5,pickem_disposals
Melbourne Demons v North Melbourne Kangaroos,Harry Sheezel,Disposals,27.5,,,2025-07-13T03:10:00.000Z,5f0edb67-398d-4428-8e87-3a6b2ed8e457,Harry Sheezel disposals 27.5,pickem_disposals
Melbourne Demons v North Melbourne Kangaroos,Tom Powell,Disposals,23.5,,,2025-07-13T03:10:00.000Z,5f0edb67-398d-4428-8e87-3a6b2ed8e457,Tom Powell disposals 23.5,pickem_disposals
Melbourne Demons v North Melbourne Kangaroos,Colby McKercher,Disposals,30.0,,,2025-07-13T03:10:00.000Z,5f0edb67-398d-4428-8e87-3a6b2ed8e457,Colby McKercher disposals 30,pickem_disposals
Melbourne Demons v North Melbourne Kangaroos,Harry Sheezel,Disposals,26.5,,,2025-07-13T03:10:00.000Z,5f0edb67-398d-4428-8e87-3a6b2ed8e457,Harry Sheezel disposals 26.5,pickem_disposals
Melbourne Demons v North Melbourne Kangaroos,Tom Powell,Disposals,24.0,,,2025-07-13T03:10:00.000Z,5f0edb67-398d-4428-8e87-3a6b2ed8e457,Tom Powell disposals 24,pickem_disposals
Melbourne Demons v North Melbourne Kangaroos,Christian Petracca,Goals,1.5,,,2025-07-13T03:10:00.000Z,5f0edb67-398d-4428-8e87-3a6b2ed8e457,Christian Petracca goals 1.5,pickem_goals
Melbourne Demons v North Melbourne Kangaroos,Jake Melksham,Goals,2.0,,,2025-07-13T03:10:00.000Z,5f0edb67-398d-4428-8e87-3a6b2ed8e457,Jake Melksham goals 2,pickem_goals
Melbourne Demons v North Melbourne Kangaroos,Kysaiah Pickett,Goals,2.0,,,2025-07-13T03:10:00.000Z,5f0edb67-398d-4428-8e87-3a6b2ed8e457,Kysaiah Pickett goals 2,pickem_goals
Melbourne Demons v North Melbourne Kangaroos,Bayley Fritsch,Goals,2.5,,,2025-07-13T03:10:00.000Z,5f0edb67-398d-4428-8e87-3a6b2ed8e457,Bayley Fritsch goals 2.5,pickem_goals
Melbourne Demons v North Melbourne Kangaroos,Harry Sheezel,Goals,0.5,,,2025-07-13T03:10:00.000Z,5f0edb67-398d-4428-8e87-3a6b2ed8e457,Harry Sheezel goals 0.5,pickem_goals
Melbourne Demons v North Melbourne Kangaroos,Nick Larkey,Goals,2.0,,,2025-07-13T03:10:00.000Z,5f0edb67-398d-4428-8e87-3a6b2ed8e457,Nick Larkey goals 2,pickem_goals
Melbourne Demons v North Melbourne Kangaroos,Paul Curtis,Goals,1.5,,,2025-07-13T03:10:00.000Z,5f0edb67-398d-4428-8e87-3a6b2ed8e457,Paul Curtis goals 1.5,pickem_goals
St Kilda Saints v Sydney Swans,Jack Higgins,Goals,1.5,,,2025-07-13T05:15:00.000Z,8323e39b-80a0-4883-8c07-249da122a750,Jack Higgins goals 1.5,pickem_goals
St Kilda Saints v Sydney Swans,Cooper Sharman,Goals,1.5,,,2025-07-13T05:15:00.000Z,8323e39b-80a0-4883-8c07-249da122a750,Cooper Sharman goals 1.5,pickem_goals
St Kilda Saints v Sydney Swans,Chad Warner,Goals,1.5,,,2025-07-13T05:15:00.000Z,8323e39b-80a0-4883-8c07-249da122a750,Chad Warner goals 1.5,pickem_goals
St Kilda Saints v Sydney Swans,Errol Gulden,Goals,0.5,,,2025-07-13T05:15:00.000Z,8323e39b-80a0-4883-8c07-249da122a750,Errol Gulden goals 0.5,pickem_goals
St Kilda Saints v Sydney Swans,Isaac Heeney,Goals,1.5,,,2025-07-13T05:15:00.000Z,8323e39b-80a0-4883-8c07-249da122a750,Isaac Heeney goals 1.5,pickem_goals
St Kilda Saints v Sydney Swans,Hayden McLean,Goals,1.5,,,2025-07-13T05:15:00.000Z,8323e39b-80a0-4883-8c07-249da122a750,Hayden McLean goals 1.5,pickem_goals
St Kilda Saints v Sydney Swans,Will Hayward,Goals,1.5,,,2025-07-13T05:15:00.000Z,8323e39b-80a0-4883-8c07-249da122a750,Will Hayward goals 1.5,pickem_goals
St Kilda Saints v Sydney Swans,Chad Warner,Disposals,21.0,,,2025-07-13T05:15:00.000Z,8323e39b-80a0-4883-8c07-249da122a750,Chad Warner disposals 21,pickem_disposals
St Kilda Saints v Sydney Swans,Isaac Heeney,Disposals,23.0,,,2025-07-13T05:15:00.000Z,8323e39b-80a0-4883-8c07-249da122a750,Isaac Heeney disposals 23,pickem_disposals
St Kilda Saints v Sydney Swans,Callum Mills,Disposals,21.5,,,2025-07-13T05:15:00.000Z,8323e39b-80a0-4883-8c07-249da122a750,Callum Mills disposals 21.5,pickem_disposals
St Kilda Saints v Sydney Swans,Jack Macrae,Disposals,25.0,,,2025-07-13T05:15:00.000Z,8323e39b-80a0-4883-8c07-249da122a750,Jack Macrae disposals 25,pickem_disposals
St Kilda Saints v Sydney Swans,Jack Sinclair,Disposals,26.0,,,2025-07-13T05:15:00.000Z,8323e39b-80a0-4883-8c07-249da122a750,Jack Sinclair disposals 26,pickem_disposals
St Kilda Saints v Sydney Swans,Jack Steele,Disposals,20.5,,,2025-07-13T05:15:00.000Z,8323e39b-80a0-4883-8c07-249da122a750,Jack Steele disposals 20.5,pickem_disposals
St Kilda Saints v Sydney Swans,Nasiah Wanganeen-Milera,Disposals,25.5,,,2025-07-13T05:15:00.000Z,8323e39b-80a0-4883-8c07-249da122a750,Nasiah Wanganeen-Milera disposals 25.5,pickem_disposals
St Kilda Saints v Sydney Swans,Callum Mills,Disposals,24.5,,,2025-07-13T05:15:00.000Z,8323e39b-80a0-4883-8c07-249da122a750,Callum Mills disposals 24.5,pickem_disposals
St Kilda Saints v Sydney Swans,Chad Warner,Disposals,21.5,,,2025-07-13T05:15:00.000Z,8323e39b-80a0-4883-8c07-249da122a750,Chad Warner disposals 21.5,pickem_disposals
St Kilda Saints v Sydney Swans,Errol Gulden,Disposals,27.0,,,2025-07-13T05:15:00.000Z,8323e39b-80a0-4883-8c07-249da122a750,Errol Gulden disposals 27,pickem_disposals
St Kilda Saints v Sydney Swans,Isaac Heeney,Disposals,23.5,,,2025-07-13T05:15:00.000Z,8323e39b-80a0-4883-8c07-249da122a750,Isaac Heeney disposals 23.5,pickem_disposals
St Kilda Saints v Sydney Swans,Nasiah Wanganeen-Milera,Disposals,26.5,,,2025-07-13T05:15:00.000Z,8323e39b-80a0-4883-8c07-249da122a750,Nasiah Wanganeen-Milera disposals 26.5,pickem_disposals
St Kilda Saints v Sydney Swans,Chad Warner,Disposals,20.5,,,2025-07-13T05:15:00.000Z,8323e39b-80a0-4883-8c07-249da122a750,Chad Warner disposals 20.5,pickem_disposals
St Kilda Saints v Sydney Swans,Errol Gulden,Disposals,26.5,,,2025-07-13T05:15:00.000Z,8323e39b-80a0-4883-8c07-249da122a750,Errol Gulden disposals 26.5,pickem_disposals
St Kilda Saints v Sydney Swans,Isaac Heeney,Disposals,22.5,,,2025-07-13T05:15:00.000Z,8323e39b-80a0-4883-8c07-249da122a750,Isaac Heeney disposals 22.5,pickem_disposals
Port Adelaide Power v West Coast Eagles,Connor Rozee,Disposals,29.5,,,2025-07-13T06:40:00.000Z,7afe501e-e879-48ba-a582-f370218d2017,Connor Rozee disposals 29.5,pickem_disposals
Port Adelaide Power v West Coast Eagles,Miles Bergman,Disposals,22.5,,,2025-07-13T06:40:00.000Z,7afe501e-e879-48ba-a582-f370218d2017,Miles Bergman disposals 22.5,pickem_disposals
Port Adelaide Power v West Coast Eagles,Ollie Wines,Disposals,26.0,,,2025-07-13T06:40:00.000Z,7afe501e-e879-48ba-a582-f370218d2017,Ollie Wines disposals 26,pickem_disposals
Port Adelaide Power v West Coast Eagles,Zak Butters,Disposals,28.5,,,2025-07-13T06:40:00.000Z,7afe501e-e879-48ba-a582-f370218d2017,Zak Butters disposals 28.5,pickem_disposals
Port Adelaide Power v West Coast Eagles,Harley Reid,Disposals,18.5,,,2025-07-13T06:40:00.000Z,7afe501e-e879-48ba-a582-f370218d2017,Harley Reid disposals 18.5,pickem_disposals
Port Adelaide Power v West Coast Eagles,Liam Baker,Disposals,21.5,,,2025-07-13T06:40:00.000Z,7afe501e-e879-48ba-a582-f370218d2017,Liam Baker disposals 21.5,pickem_disposals
Port Adelaide Power v West Coast Eagles,Liam Duggan,Disposals,21.5,,,2025-07-13T06:40:00.000Z,7afe501e-e879-48ba-a582-f370218d2017,Liam Duggan disposals 21.5,pickem_disposals
Port Adelaide Power v West Coast Eagles,Tom McCarthy,Disposals,24.5,,,2025-07-13T06:40:00.000Z,7afe501e-e879-48ba-a582-f370218d2017,Tom McCarthy disposals 24.5,pickem_disposals
Port Adelaide Power v West Coast Eagles,Zak Butters,Disposals,29.5,,,2025-07-13T06:40:00.000Z,7afe501e-e879-48ba-a582-f370218d2017,Zak Butters disposals 29.5,pickem_disposals
Port Adelaide Power v West Coast Eagles,Tom McCarthy,Disposals,24.0,,,2025-07-13T06:40:00.000Z,7afe501e-e879-48ba-a582-f370218d2017,Tom McCarthy disposals 24,pickem_disposals
Port Adelaide Power v West Coast Eagles,Connor Rozee,Goals,0.5,,,2025-07-13T06:40:00.000Z,7afe501e-e879-48ba-a582-f370218d2017,Connor Rozee goals 0.5,pickem_goals
Port Adelaide Power v West Coast Eagles,Miles Bergman,Goals,0.5,,,2025-07-13T06:40:00.000Z,7afe501e-e879-48ba-a582-f370218d2017,Miles Bergman goals 0.5,pickem_goals
Port Adelaide Power v West Coast Eagles,Mitch Georgiades,Goals,3.5,,,2025-07-13T06:40:00.000Z,7afe501e-e879-48ba-a582-f370218d2017,Mitch Georgiades goals 3.5,pickem_goals
Port Adelaide Power v West Coast Eagles,Willie Rioli,Goals,2.0,,,2025-07-13T06:40:00.000Z,7afe501e-e879-48ba-a582-f370218d2017,Willie Rioli goals 2,pickem_goals
Port Adelaide Power v West Coast Eagles,Jack Lukosius,Goals,2.5,,,2025-07-13T06:40:00.000Z,7afe501e-e879-48ba-a582-f370218d2017,Jack Lukosius goals 2.5,pickem_goals
Port Adelaide Power v West Coast Eagles,Harley Reid,Goals,0.5,,,2025-07-13T06:40:00.000Z,7afe501e-e879-48ba-a582-f370218d2017,Harley Reid goals 0.5,pickem_goals
Port Adelaide Power v West Coast Eagles,Liam Baker,Goals,0.5,,,2025-07-13T06:40:00.000Z,7afe501e-e879-48ba-a582-f370218d2017,Liam Baker goals 0.5,pickem_goals
Port Adelaide Power v West Coast Eagles,Liam Duggan,Disposals,22.0,,,2025-07-13T06:40:00.000Z,7afe501e-e879-48ba-a582-f370218d2017,Liam Duggan disposals 22,pickem_disposals
