Type,Round,Player,Team,Opponent,Position,Travel Fatigue,Weather,DvP,Bet Flag,Avg vs Line,Line Consistency,Bet Confidence,Line,Actual,W/L,Uncertain Role,Notes,Avg v Line CALC,Line Consistency CALC
Disposal,13,Dylan Stephens,NTH,WCE,Wing,ğŸŸ  Moderate (Long Travel),âœ… Neutral,ğŸŸ  Moderate Unders,ğŸŸ¢ AUTO-BET - Wing Long Travel,-11%,50%,,20,19,1,,,,
Disposal,12,Braeden Campbell,SYD,ADE,GenF,âœ… Neutral,âœ… Neutral,ğŸŸ¡ Slight Unders,ğŸŸ¡ CONSIDER,0%,36%,,13.5,8,1,1,,0,0
Disposal,12,James Jordon,SYD,ADE,GenF,âœ… Neutral,âœ… Neutral,ğŸŸ¡ Slight Unders,ğŸš« SKIP - Hybrid Position,9,36%,,14.5,11,1,1,,0,0
Disposal,10,Alex Neal-Bullen,ADE,COL,GenF,âœ… Neutral,âœ… Neutral,ğŸŸ¡ Slight Unders,,1%,33%,#REF!,17,9,1,,,0,0
Disposal,10,Ben Keays,ADE,COL,GenF,âœ… Neutral,âœ… Neutral,ğŸŸ¡ Slight Unders,,5%,33%,#REF!,17,7,1,,,0,0
Disposal,10,Josh Rachele,ADE,COL,GenF,âœ… Neutral,âœ… Neutral,ğŸŸ¡ Slight Unders,,-1%,56%,#REF!,12.5,14,-1,1,,0,0.5
Disposal,10,Tom Atkins,GEE,PTA,InsM,âœ… Neutral,âœ… Neutral,ğŸŸ¡ Slight Unders,,3%,44%,#REF!,18,23,-1,,,0,0
Disposal,11,Harvey Langford,MEL,SYD,InsM,âœ… Neutral,âœ… Neutral,ğŸŸ¡ Slight Unders,,4%,44%,#REF!,19.5,21,-1,,,0,0
Disposal,11,Tom Powell,NTH,COL,GenF,âœ… Neutral,âœ… Neutral,ğŸŸ¡ Slight Unders,,16%,30%,#REF!,19.5,28,-1,,,0,0
Disposal,12,Dylan Moore,HAW,COL,GenF,âœ… Neutral,âœ… Neutral,ğŸŸ¡ Slight Unders,ğŸŸ¡ CONSIDER,-5%,60%,,17,18,-1,,,1,0.5
Disposal,12,Darcy Fort,BRL,ESS,Ruck,ğŸŸ¡ Slight (Short Break),âœ… Neutral,âœ… Neutral,ğŸŸ¡ CONSIDER,-2%,80%,,11,10,1,,,0,1
Mark,12,Jeremy Cameron,GEE,WCE,KeyF,ğŸŸ  Moderate (Long Travel),âœ… Neutral,âœ… Neutral,ğŸŸ¡ CONSIDER,-18%,64%,,7,7,0,,,2,0.5
Mark,13,Jaspa Fletcher,BRL,ADE,Wing,ğŸŸ  Moderate (Long Travel),âœ… Neutral,ğŸŸ  Moderate Unders,ğŸŸ¢ AUTO-BET - Wing Long Travel,3%,58%,,6,5,1,,,,
Disposal,13,Mitch Georgiades,PTA,GWS,KeyF,ğŸŸ  Moderate (Long Travel),âš ï¸ Medium Unders Edge (Rain),ğŸŸ¡ Slight Unders,ğŸŸ¡ STRONG BET - Long Travel,6%,45%,,11.5,8,1,,,,
Disposal,10,Mitchell Hinge,ADE,COL,GenD,âœ… Neutral,âœ… Neutral,ğŸŸ¡ Slight Unders,,1%,44%,#REF!,18,21,-1,,,0,0
Disposal,10,Wayne Milera,ADE,COL,GenD,âœ… Neutral,âœ… Neutral,ğŸŸ¡ Slight Unders,,-1%,56%,#REF!,17,17,0,,,0,0.5
Disposal,10,Rory Laird,ADE,COL,GenD,âœ… Neutral,âœ… Neutral,ğŸŸ¡ Slight Unders,,5%,33%,#REF!,22.5,27,-1,,,0,0
Disposal,12,Jake Soligo,ADE,SYD,InsM,âœ… Neutral,âœ… Neutral,ğŸŸ¡ Slight Unders,ğŸš« SKIP - Position,3%,46%,,21.5,15,1,1,,0,0
Mark,12,Xavier Duursma,ESS,BRL,Wing,âœ… Neutral,âœ… Neutral,ğŸŸ¡ Slight Unders,ğŸŸ¢ STRONG BET,14%,70%,,5,4,1,,,0,1
Disposal,12,Sam Durham,ESS,BRL,InsM,âœ… Neutral,âœ… Neutral,ğŸŸ¡ Slight Unders,ğŸš« SKIP - Position,6%,40%,,22,8,1,1,,0,0
Disposal,12,Jye Caldwell,ESS,BRL,InsM,âœ… Neutral,âœ… Neutral,ğŸŸ¡ Slight Unders,ğŸš« SKIP - Position,9%,50%,,23.5,30,-1,,,0,0
Disposal,12,Zach Merrett,ESS,BRL,InsM,âœ… Neutral,âœ… Neutral,ğŸŸ¡ Slight Unders,ğŸš« SKIP - Position,5%,50%,,28,28,0,,,0,0
Disposal,13,Eric Hipwood,BRL,ADE,KeyF,ğŸŸ  Moderate (Long Travel),âœ… Neutral,ğŸŸ¡ Slight Unders,ğŸŸ¡ CONSIDER - Long Travel,11%,50%,,9.5,9,1,,,,
Disposal,13,Darcy Byrne-Jones,PTA,GWS,GenF,ğŸŸ  Moderate (Long Travel),âš ï¸ Medium Unders Edge (Rain),ğŸŸ¡ Slight Unders,ğŸŸ¢ AUTO-BET - GenF Medium Rain,0%,50%,,12,9,1,,,,
Disposal,13,Sam Powell-Pepper,PTA,GWS,GenF,ğŸŸ  Moderate (Long Travel),âš ï¸ Medium Unders Edge (Rain),ğŸŸ¡ Slight Unders,ğŸŸ¢ AUTO-BET - GenF Medium Rain,1%,46%,,14,9,1,,,,
Disposal,12,Bailey Humphrey,GCS,FRE,GenF,âœ… Neutral,âš ï¸ Medium Unders Edge (Rain),ğŸŸ¡ Slight Unders,ğŸš« SKIP - Hybrid Position,-9%,50%,,18.5,12,1,1,,1,0
Disposal,12,Sam Flanders,GCS,FRE,GenF,âœ… Neutral,âš ï¸ Medium Unders Edge (Rain),ğŸŸ¡ Slight Unders,ğŸš« SKIP - Hybrid Position,2%,33%,,18.5,16,1,,,0,0
Disposal,12,Ben Long,GCS,FRE,GenF,âœ… Neutral,âš ï¸ Medium Unders Edge (Rain),ğŸŸ¡ Slight Unders,ğŸŸ¡ CONSIDER,4%,44%,,11.5,11,1,,,0,0
Disposal,12,Ben Ainsworth,GCS,FRE,GenF,âœ… Neutral,âš ï¸ Medium Unders Edge (Rain),ğŸŸ¡ Slight Unders,ğŸŸ¡ CONSIDER,5%,33%,,14.5,13,1,,,0,0
Disposal,12,Lachie Neale,BRL,ESS,InsM,ğŸŸ¡ Slight (Short Break),âœ… Neutral,âœ… Neutral,ğŸš« SKIP - Position,-6%,55%,,28.5,26,1,,,1,0.5
Disposal,10,Jesse Hogan,GWS,FRE,KeyF,âœ… Neutral,âœ… Neutral,ğŸŸ¡ Slight Unders,,3%,75%,#REF!,12.5,11,1,,,0,1
Disposal,10,Caleb Windsor,MEL,BRL,GenD,âœ… Neutral,âœ… Neutral,ğŸŸ¡ Slight Unders,,1%,57%,#REF!,17.5,6,1,,,0,0.5
Disposal,10,Judd McVee,MEL,BRL,GenD,âœ… Neutral,âœ… Neutral,ğŸŸ¡ Slight Unders,,0%,44%,#REF!,16,13,1,,,0,0
Disposal,10,Tom McDonald,MEL,BRL,GenD,âœ… Neutral,âœ… Neutral,ğŸŸ¡ Slight Unders,,6%,33%,#REF!,15,16,-1,,,0,0
Disposal,12,Reuben Ginbey,WCE,GEE,GenD,âœ… Neutral,âœ… Neutral,ğŸŸ¡ Slight Unders,ğŸš« SKIP - Position,8%,73%,,11.5,16,-1,,,0,1
Disposal,12,Liam Duggan,WCE,GEE,GenD,âœ… Neutral,âœ… Neutral,ğŸŸ¡ Slight Unders,ğŸš« SKIP - Position,-2%,55%,,19,23,-1,,,0,0.5
Disposal,12,Ryan Maric,WCE,GEE,GenD,âœ… Neutral,âœ… Neutral,ğŸŸ¡ Slight Unders,ğŸš« SKIP - Position,-1%,55%,,22.5,15,1,,,0,0.5
Disposal,12,Liam Baker,WCE,GEE,GenD,âœ… Neutral,âœ… Neutral,ğŸŸ¡ Slight Unders,ğŸš« SKIP - Position,3%,27%,,21.5,29,-1,1,,0,0
Mark,10,Jeremy Cameron,GEE,PTA,GenF,âœ… Neutral,âœ… Neutral,ğŸŸ¡ Slight Unders,,4%,56%,#REF!,5,8,-1,,,0,0.5
Mark,11,Josh Battle,HAW,BRL,GenD,âœ… Neutral,âœ… Neutral,ğŸŸ¡ Slight Unders,,4%,50%,#REF!,5.5,6,-1,,,0,0
Disposal,12,Nathan Broad,RIC,GWS,KeyD,âœ… Neutral,âœ… Neutral,ğŸŸ¡ Slight Unders,ğŸŸ¡ CONSIDER,-2%,56%,,15,17,-1,,,0,0.5
Disposal,12,Brady Hough,WCE,GEE,InsM,âœ… Neutral,âœ… Neutral,ğŸŸ¡ Slight Unders,ğŸš« SKIP - Position,-2%,73%,,15,9,1,,,0,1
Disposal,12,Harley Reid,WCE,GEE,InsM,âœ… Neutral,âœ… Neutral,ğŸŸ¡ Slight Unders,ğŸš« SKIP - Position,-3%,73%,,17,19,-1,,,0,1
Disposal,12,Tim Kelly,WCE,GEE,InsM,âœ… Neutral,âœ… Neutral,ğŸŸ¡ Slight Unders,ğŸš« SKIP - Position,6%,56%,,16,19,-1,,,0,0.5
DIsposal,11,Ryley Sanders,WBD,GEE,GenF,ğŸŸ¡ Slight (Short Break),âœ… Neutral,ğŸŸ¡ Slight Unders,,5%,60%,#REF!,20,13,1,1,,0,0.5
Disposal,12,Cam Rayner,BRL,ESS,GenF,ğŸŸ¡ Slight (Short Break),âœ… Neutral,âœ… Neutral,ğŸŸ¡ CONSIDER,-5%,73%,,15,14,1,,,0,1
Mark,10,Mason Redman,ESS,WBD,GenD,âœ… Neutral,âœ… Neutral,ğŸŸ¡ Slight Unders,,-33%,100%,#REF!,6,4,1,,,2,1
Disposal,12,Levi Ashcroft,BRL,ESS,GenF,ğŸŸ¡ Slight (Short Break),âœ… Neutral,âœ… Neutral,ğŸŸ¡ CONSIDER,-2%,36%,,21.5,15,1,,,0,0
Disposal,12,Dayne Zorko,BRL,ESS,GenD,ğŸŸ¡ Slight (Short Break),âœ… Neutral,ğŸŸ¡ Slight Unders,ğŸš« SKIP - Position,-2%,55%,,27.5,23,1,,,0,0.5
Disposal,12,Jeremy Howe,COL,HAW,KeyD,âœ… Neutral,âœ… Neutral,ğŸŸ¡ Slight Unders,ğŸš« SKIP - Disposals Weak,-7%,44%,,15.5,10,1,,,1,0
Mark,12,Jaxon Prior,ESS,BRL,GenD,âœ… Neutral,âœ… Neutral,ğŸŸ¡ Slight Unders,ğŸš« SKIP - Position,12%,60%,,5,2,1,,,0,0.5
Mark,12,Andrew McGrath,ESS,BRL,GenD,âœ… Neutral,âœ… Neutral,ğŸŸ¡ Slight Unders,ğŸš« SKIP - Position,20%,60%,,4,1,1,,,0,0.5
Disposal,13,Willie Rioli,PTA,GWS,GenF,ğŸŸ  Moderate (Long Travel),âš ï¸ Medium Unders Edge (Rain),ğŸŸ¡ Slight Unders,ğŸŸ¢ AUTO-BET - GenF Medium Rain,10%,40%,,11,6,1,,,,
Disposal,11,Josh Battle,HAW,BRL,GenD,âœ… Neutral,âœ… Neutral,ğŸŸ¡ Slight Unders,,8%,50%,#REF!,17.5,23,-1,,,0,0
Disposal,13,Charlie Cameron,BRL,ADE,GenF,ğŸŸ  Moderate (Long Travel),âœ… Neutral,ğŸŸ  Moderate Unders,ğŸŸ¡ STRONG BET - Long Travel,5%,50%,,9.5,7,1,,,,
Disposal,12,James Sicily,HAW,COL,GenD,âœ… Neutral,âœ… Neutral,ğŸŸ¡ Slight Unders,ğŸš« SKIP - Position,-4%,60%,,21,6,1,,,0,0.5
Disposal,12,Josh Battle,HAW,COL,GenD,âœ… Neutral,âœ… Neutral,ğŸŸ¡ Slight Unders,ğŸš« SKIP - Position,11%,40%,,18,15,1,,,0,0
Disposal,12,Karl Amon,HAW,COL,GenD,âœ… Neutral,âœ… Neutral,ğŸŸ¡ Slight Unders,ğŸš« SKIP - Position,3%,50%,,23.5,22,1,,,0,0
Mark,11,Jaspa Fletcher,BRL,HAW,Wing,âœ… Neutral,âœ… Neutral,ğŸŸ¡ Slight Unders,,4%,40%,#REF!,5.5,5,1,,,0,0
Disposal,11,Mitch McGovern,CAR,GWS,KeyD,âœ… Neutral,âœ… Neutral,ğŸŸ¡ Slight Unders,,-7%,60%,#REF!,16.5,15,1,,,1,0.5
Mark,11,Nasiah Wanganeen-Milera,STK,GCS,GenD,âœ… Neutral,âœ… Neutral,ğŸŸ¡ Slight Unders,,-13%,70%,#REF!,6,3,1,,,1,1
Disposal,13,Callum Ah Chee,BRL,ADE,GenF,ğŸŸ  Moderate (Long Travel),âœ… Neutral,ğŸŸ  Moderate Unders,ğŸŸ¡ STRONG BET - Long Travel,8%,58%,,11,10,1,,,,
Disposal,12,Chad Warner,SYD,ADE,InsM,âœ… Neutral,âœ… Neutral,ğŸŸ¡ Slight Unders,ğŸš« SKIP - Position,-8%,73%,,25,19,1,1,,1,1
Disposal,12,Patrick Voss,FRE,GCS,KeyF,ğŸŸ  Moderate (Long Travel),âš ï¸ Medium Unders Edge (Rain),ğŸŸ¡ Slight Unders,ğŸŸ¢ STRONG BET,16%,29%,,9,7,1,,,0,0
Disposal,12,Brennan Cox,FRE,GCS,GenD,ğŸŸ  Moderate (Long Travel),âš ï¸ Medium Unders Edge (Rain),ğŸŸ¡ Slight Unders,ğŸš« SKIP - Position,-7%,46%,,12.5,10,1,,,1,0
Disposal,12,Heath Chapman,FRE,GCS,GenD,ğŸŸ  Moderate (Long Travel),âš ï¸ Medium Unders Edge (Rain),ğŸŸ¡ Slight Unders,ğŸš« SKIP - Position,-4%,50%,,14.5,13,1,,,0,0
Disposal,12,Darcy Wilmot,BRL,ESS,GenD,ğŸŸ¡ Slight (Short Break),âœ… Neutral,ğŸŸ¡ Slight Unders,ğŸŸ¢ STRONG BET,0%,46%,,19.5,14,1,,,0,0
Mark,12,Dayne Zorko,BRL,ESS,GenD,ğŸŸ¡ Slight (Short Break),âœ… Neutral,ğŸŸ¡ Slight Unders,ğŸš« SKIP - Position,-7%,73%,,8,6,1,,,1,1
Mark,11,Nick Vlastuin,RIC,ESS,GenD,ğŸŸ¡ Slight (Short Break),âœ… Neutral,ğŸŸ¡ Slight Unders,,3%,60%,#REF!,6.5,4,1,,,0,0.5
Mark,11,Lachlan Bramble,WBD,GEE,GenD,ğŸŸ¡ Slight (Short Break),âœ… Neutral,ğŸŸ¡ Slight Unders,,20%,50%,#REF!,3.5,0,1,,,0,0
Tackle,11,Max Holmes,GEE,WBD,InsM,ğŸŸ¡ Slight (Short Break),âœ… Neutral,ğŸŸ¡ Slight Unders,,23%,60%,#REF!,3,3,0,,,0,0.5
Mark,11,Jye Amiss,FRE,PTA,GenF,âœ… Neutral,âœ… Neutral,ğŸŸ¡ Slight Unders,,-15%,80%,#REF!,4,3,1,,,1,1
Mark,11,Nick Blakey,SYD,MEL,KeyD,âœ… Neutral,âœ… Neutral,ğŸŸ¡ Slight Unders,,-5%,78%,#REF!,5.5,6,-1,,,1,1
Mark,12,Darcy Wilmot,BRL,ESS,GenD,ğŸŸ¡ Slight (Short Break),âœ… Neutral,ğŸŸ¡ Slight Unders,ğŸŸ¢ STRONG BET,-9%,55%,,6,6,0,,,1,0.5
Disposal,12,Jaspa Fletcher,BRL,ESS,Wing,ğŸŸ¡ Slight (Short Break),âœ… Neutral,ğŸŸ¡ Slight Unders,ğŸŸ¢ STRONG BET,-3%,46%,,20.5,21,-1,,,0,0
Disposal,12,Zac Bailey,BRL,ESS,Wing,ğŸŸ¡ Slight (Short Break),âœ… Neutral,ğŸŸ¡ Slight Unders,ğŸŸ¢ STRONG BET,5%,55%,,16.5,20,-1,,,0,0.5
Disposal,10,Sam Powell-Pepper,PTA,GEE,GenF,âœ… Neutral,âœ… Neutral,ğŸŸ¡ Slight Unders,,1%,33%,#REF!,13.5,23,-1,,,0,0
Disposal,12,Luke Ryan,FRE,GCS,GenD,ğŸŸ  Moderate (Long Travel),âš ï¸ Medium Unders Edge (Rain),ğŸŸ¡ Slight Unders,ğŸš« SKIP - Position,-2%,46%,,21.5,18,1,,,0,0
Disposal,12,James Rowbottom,SYD,ADE,InsM,âœ… Neutral,âœ… Neutral,ğŸŸ¡ Slight Unders,ğŸš« SKIP - Position,-4%,46%,,19,20,-1,,,0,0
Mark,12,Jesse Hogan,GWS,RIC,KeyF,âœ… Neutral,âœ… Neutral,ğŸŸ¡ Slight Unders,ğŸŸ¡ CONSIDER,-15%,75%,,6.5,4,1,,,2,1
Disposal,12,Xavier Duursma,ESS,BRL,Wing,âœ… Neutral,âœ… Neutral,ğŸŸ¡ Slight Unders,ğŸŸ¢ STRONG BET,9%,50%,,19.5,12,1,,,0,0
Disposal,12,Todd Goldstein,ESS,BRL,Ruck,âœ… Neutral,âœ… Neutral,ğŸŸ¡ Slight Unders,ğŸŸ¢ STRONG BET,3%,60%,,12,8,1,,,0,0.5
Tackle,10,Sam Powell-Pepper,PTA,GEE,GenF,âœ… Neutral,ğŸ”µ Avoid (Rain),ğŸŸ¡ Slight Unders,,-11%,56%,#REF!,3.5,2,1,,,1,0.5
Disposal,12,Christian Petracca,MEL,STK,InsM,âœ… Neutral,âœ… Neutral,ğŸŸ¡ Slight Unders,ğŸš« SKIP - Position,3%,36%,,25.5,22,1,,,0,0
Disposal,12,Harvey Langford,MEL,STK,InsM,âœ… Neutral,âœ… Neutral,ğŸŸ¡ Slight Unders,ğŸš« SKIP - Position,-5%,40%,,20,10,1,,,0,0
Disposal,12,Max Gawn,MEL,STK,Ruck,âœ… Neutral,âœ… Neutral,ğŸŸ¡ Slight Unders,ğŸŸ¡ CONSIDER,3%,46%,,21,22,-1,,,0,0
Mark,12,Nick Blakey,SYD,ADE,KeyD,âœ… Neutral,âœ… Neutral,ğŸŸ¡ Slight Unders,ğŸŸ¡ CONSIDER,2%,73%,,5,0,1,,,0,1
Mark,12,Matt Roberts,SYD,ADE,GenD,âœ… Neutral,âœ… Neutral,ğŸŸ¡ Slight Unders,ğŸš« SKIP - Position,2%,64%,,6,8,-1,,,0,0.5
Mark,12,Riley Bice,SYD,ADE,GenD,âœ… Neutral,âœ… Neutral,ğŸŸ¡ Slight Unders,ğŸš« SKIP - Position,12%,60%,,5,0,1,,,0,0.5
Tackle,10,Marcus Windhager,STK,WCE,InsM,ğŸŸ  Moderate (Long Travel),âœ… Neutral,ğŸŸ¡ Slight Unders,,-8%,78%,#REF!,4,0,1,1,,1,1
Mark,12,Liam Duggan,WCE,GEE,GenD,âœ… Neutral,âœ… Neutral,ğŸŸ¡ Slight Unders,ğŸš« SKIP - Position,18%,46%,,4,7,-1,,,0,0
Mark,11,Harry McKay,CAR,GWS,KeyF,âœ… Neutral,âœ… Neutral,ğŸ”´ Strong Unders,,0%,38%,#REF!,6.5,5,1,,,0,0
Mark,10,Callum Wilkie,STK,WCE,KeyD,ğŸŸ  Moderate (Long Travel),âœ… Neutral,ğŸŸ¡ Slight Unders,,8%,44%,#REF!,8,6,1,,,0,0
Disposal,12,Jarrod Berry,BRL,ESS,Wing,ğŸŸ¡ Slight (Short Break),âœ… Neutral,âœ… Neutral,ğŸŸ¡ CONSIDER,-3%,70%,,19,25,-1,,,0,1
Disposal,12,Jeremy Sharp,FRE,GCS,Wing,ğŸŸ  Moderate (Long Travel),âš ï¸ Medium Unders Edge (Rain),ğŸŸ  Moderate Unders,ğŸŸ¢ STRONG BET,-3%,46%,,15,4,1,,,0,0
Tackle,11,Liam Baker,WCE,ADE,InsM,ğŸŸ  Moderate (Long Travel),âœ… Neutral,ğŸŸ¡ Slight Unders,,-9%,60%,#REF!,3.5,2,1,1,Negative - Role Change,1,0.5
Tackle,10,Ryley Sanders,WBD,ESS,GenF,âœ… Neutral,ğŸ”µ Avoid (Rain),ğŸŸ¡ Slight Unders,,-8%,89%,#REF!,4,1,1,1,,1,1
Mark,12,James Sicily,HAW,COL,GenD,âœ… Neutral,âœ… Neutral,ğŸŸ¡ Slight Unders,ğŸš« SKIP - Position,3%,70%,,6,3,1,,,0,1
Mark,12,Josh Battle,HAW,COL,GenD,âœ… Neutral,âœ… Neutral,ğŸŸ¡ Slight Unders,ğŸš« SKIP - Position,-5%,80%,,6,8,-1,,,0,1
Tackle,11,Harley Reid,WCE,ADE,InsM,ğŸŸ  Moderate (Long Travel),âœ… Neutral,ğŸŸ¡ Slight Unders,,-20%,70%,#REF!,3.5,2,1,,Negative - Role Change,2,1
Tackle,12,Rhyan Mansell,RIC,GWS,GenF,âœ… Neutral,âœ… Neutral,ğŸŸ¡ Slight Unders,ğŸŸ¡ CONSIDER,0%,75%,,3,4,-1,,,0,1
Disposal,12,Jake Melksham,MEL,STK,GenF,âœ… Neutral,âœ… Neutral,ğŸŸ  Moderate Unders,ğŸŸ¡ CONSIDER,-10%,71%,,11,9,1,,,1,1
Tackle,11,Andrew Brayshaw,FRE,PTA,InsM,âœ… Neutral,ğŸ”µ Avoid (Rain),ğŸŸ¡ Slight Unders,,10%,50%,#REF!,6,8,-1,,,0,0
Disposal,11,Toby Bedford,GWS,CAR,GenF,âœ… Neutral,âœ… Neutral,ğŸŸ  Moderate Unders,,-18%,67%,AVOID,12.5,11,1,1,Negative - With/WIthout,2,0.5
Disposal,10,Jamie Cripps,WCE,STK,GenF,âœ… Neutral,âœ… Neutral,ğŸŸ  Moderate Unders,,-6%,67%,#REF!,12.5,9,1,,,1,0.5
Tackle,10,Tom Atkins,GEE,PTA,InsM,âœ… Neutral,ğŸ”µ Avoid (Rain),ğŸŸ¡ Slight Unders,,28%,33%,#REF!,8,5,1,,,0,0
Disposal,12,Sam De Koning,GEE,WCE,KeyD,ğŸŸ  Moderate (Long Travel),âœ… Neutral,ğŸŸ  Moderate Unders,ğŸŸ¢ STRONG BET,-10%,73%,,15.5,12,1,,,1,1
Tackle,11,Nick Watson,HAW,BRL,GenF,âœ… Neutral,ğŸ”µ Avoid (Rain),ğŸŸ¡ Slight Unders,,4%,60%,#REF!,2.5,0,1,,,0,0.5
Tackle,12,Max Holmes,GEE,WCE,InsM,ğŸŸ  Moderate (Long Travel),âœ… Neutral,ğŸŸ¡ Slight Unders,ğŸŸ¢ STRONG BET,4%,64%,,3.5,3,1,,,0,0.5
Tackle,12,Bailey Smith,GEE,WCE,InsM,ğŸŸ  Moderate (Long Travel),âœ… Neutral,ğŸŸ¡ Slight Unders,ğŸŸ¢ STRONG BET,-2%,50%,,6,4,1,,,0,0
Mark,12,Jaspa Fletcher,BRL,ESS,Wing,ğŸŸ¡ Slight (Short Break),âœ… Neutral,âœ… Neutral,ğŸŸ¡ CONSIDER,-13%,64%,,6.5,12,-1,,,1,0.5
Tackle,12,Tom Atkins,GEE,WCE,InsM,ğŸŸ  Moderate (Long Travel),âœ… Neutral,ğŸŸ¡ Slight Unders,ğŸŸ¢ STRONG BET,17%,36%,,8.5,10,-1,,,0,0
Tackle,10,Cam Rayner,BRL,MEL,GenF,âœ… Neutral,âœ… Neutral,ğŸŸ¡ Slight Unders,,2%,67%,#REF!,2.5,1,1,,,0,0.5
Tackle,10,Kade Chandler,MEL,BRL,Wing,âœ… Neutral,âœ… Neutral,ğŸŸ¡ Slight Unders,,5%,67%,#REF!,3.5,0,1,1,,0,0.5
Tackle,11,James Rowbottom,SYD,MEL,InsM,âœ… Neutral,âœ… Neutral,ğŸŸ¡ Slight Unders,,6%,56%,#REF!,6.5,9,-1,,,0,0.5
Tackle,11,Braeden Campbell,SYD,MEL,GenF,âœ… Neutral,âœ… Neutral,ğŸŸ¡ Slight Unders,,7%,78%,#REF!,3,7,-1,1,,0,1
Tackle,12,Jack Higgins,STK,MEL,GenF,âœ… Neutral,âœ… Neutral,ğŸŸ¡ Slight Unders,ğŸŸ¡ CONSIDER,6%,55%,,2.5,1,-1,,,0,0.5
Tackle,11,Charlie Spargo,MEL,SYD,GenF,âœ… Neutral,âœ… Neutral,ğŸŸ¡ Slight Unders,,-5%,50%,#REF!,2.5,4,-1,,,0,0
Tackle,11,Kysaiah Pickett,MEL,SYD,InsM,âœ… Neutral,âœ… Neutral,ğŸŸ¡ Slight Unders,,6%,70%,#REF!,3.5,4,-1,1,,0,1
Tackle,11,Tom Sparrow,MEL,SYD,GenF,âœ… Neutral,âœ… Neutral,ğŸŸ¡ Slight Unders,,17%,40%,#REF!,3.5,5,-1,1,,0,0
Mark,10,Heath Chapman,FRE,GWS,GenD,ğŸŸ  Moderate (Long Travel),âœ… Neutral,ğŸ”´ Strong Unders,,-8%,63%,#REF!,5,4,1,,,1,0.5
Disposal,12,Matthew Johnson,FRE,GCS,Wing,ğŸŸ  Moderate (Long Travel),âš ï¸ Medium Unders Edge (Rain),ğŸŸ  Moderate Unders,ğŸŸ¡ CONSIDER,3%,55%,,18.5,18,1,,,0,0.5
Disposal,12,Tim Membrey,COL,HAW,KeyF,âœ… Neutral,âœ… Neutral,ğŸŸ  Moderate Unders,ğŸŸ¡ CONSIDER,9%,56%,,10,9,1,,,0,0.5
Disposal,10,Connor O'Sullivan,GEE,PTA,KeyD,âœ… Neutral,âœ… Neutral,ğŸŸ  Moderate Unders,,13%,56%,#REF!,12,5,1,,,0,0.5
Disposal,12,Oliver Dempsey,GEE,WCE,Wing,ğŸŸ  Moderate (Long Travel),âœ… Neutral,ğŸŸ  Moderate Unders,ğŸŸ¢ STRONG BET,-3%,55%,,17.5,14,1,,,0,0.5
Disposal,10,Noah Balta,RIC,NTH,KeyD,âœ… Neutral,âœ… Neutral,ğŸŸ  Moderate Unders,,-3%,33%,#REF!,14.5,11,1,,,0,0
Disposal,10,Lachlan Bramble,WBD,ESS,GenD,âœ… Neutral,âœ… Neutral,ğŸŸ  Moderate Unders,,-2%,56%,#REF!,17.5,14,1,,,0,0.5
Disposal,10,Aaron Naughton,WBD,ESS,KeyF,âœ… Neutral,âœ… Neutral,ğŸŸ  Moderate Unders,,1%,56%,#REF!,11.5,11,1,,,0,0.5
Disposal,12,Kysaiah Pickett,MEL,STK,InsM,âœ… Neutral,âœ… Neutral,ğŸŸ  Moderate Unders,ğŸš« SKIP - Hybrid Position,2%,38%,,20,12,1,1,,0,0
Disposal,12,Daniel Turner,MEL,STK,GenF,âœ… Neutral,âœ… Neutral,ğŸŸ  Moderate Unders,ğŸŸ¡ CONSIDER,0,25%,,15.5,14,1,,,0,0
Tackle,12,Jacob Hopper,RIC,GWS,InsM,âœ… Neutral,âœ… Neutral,ğŸ”´ Strong Unders,ğŸš« SKIP - Position,-14%,73%,,4,2,1,,,1,1
Disposal,10,Matt Roberts,SYD,CAR,GenD,âœ… Neutral,âœ… Neutral,ğŸŸ  Moderate Unders,,8%,22%,#REF!,23,20,1,,,0,0
Disposal,10,Dane Rampe,SYD,CAR,GenD,âœ… Neutral,âœ… Neutral,ğŸŸ  Moderate Unders,,10%,56%,#REF!,13,8,1,,,0,0.5
Disposal,11,Andrew Brayshaw,FRE,PTA,InsM,âœ… Neutral,âœ… Neutral,ğŸŸ  Moderate Unders,,-1%,50%,#REF!,29,21,1,,,0,0
Disposal,11,Jack Buckley,GWS,CAR,KeyD,âœ… Neutral,âœ… Neutral,ğŸŸ  Moderate Unders,,-2%,50%,#REF!,12.5,8,1,,,0,0
Disposal,10,Kade Chandler,MEL,BRL,Wing,âœ… Neutral,âœ… Neutral,ğŸŸ  Moderate Unders,,10%,67%,#REF!,14,11,1,1,,0,0.5
Disposal,12,Nick Vlastuin,RIC,GWS,GenD,âœ… Neutral,âœ… Neutral,ğŸŸ  Moderate Unders,ğŸš« SKIP - Position,-3%,46%,,19.5,19,1,,,0,0
Disposal,12,Logan Morris,BRL,ESS,KeyF,ğŸŸ¡ Slight (Short Break),âœ… Neutral,ğŸŸ  Moderate Unders,ğŸŸ¢ STRONG BET,-15%,70%,,10,11,-1,,,1,1
Disposal,12,Matt Guelfi,ESS,BRL,GenF,âœ… Neutral,âœ… Neutral,ğŸŸ  Moderate Unders,ğŸŸ¢ STRONG BET,7%,50%,,11,10,1,,,0,0
Disposal,12,Ben King,GCS,FRE,KeyF,âœ… Neutral,âš ï¸ Medium Unders Edge (Rain),ğŸŸ  Moderate Unders,ğŸŸ¡ CONSIDER,-5,56%,,7.5,7,1,,,2,0.5
Disposal,11,Joe Richards,PTA,FRE,GenF,ğŸŸ  Moderate (Long Travel),âœ… Neutral,ğŸŸ¡ Slight Unders,,-2%,50%,#REF!,14.5,13,1,,,0,0
Disposal,12,Tom Barrass,HAW,COL,KeyD,âœ… Neutral,âœ… Neutral,ğŸŸ  Moderate Unders,ğŸš« SKIP - Disposals Weak,-5%,50%,,11,9,1,,,0,0
Disposal,10,Nick Blakey,SYD,CAR,KeyD,âœ… Neutral,âœ… Neutral,ğŸŸ  Moderate Unders,,6%,44%,#REF!,19.5,13,1,,,0,0
Mark,12,Mark O'Connor,GEE,WCE,GenD,ğŸŸ  Moderate (Long Travel),âœ… Neutral,âœ… Neutral,ğŸš« SKIP - Position,-12%,64%,,6.5,6,1,1,,1,0.5
Disposal,12,Rhys Stanley,GEE,WCE,Ruck,ğŸŸ  Moderate (Long Travel),âœ… Neutral,âœ… Neutral,ğŸŸ¡ CONSIDER,-15%,67%,,12,9,1,,,2,0.5
Disposal,11,Jase Burgoyne,PTA,FRE,Wing,ğŸŸ  Moderate (Long Travel),âœ… Neutral,ğŸŸ¡ Slight Unders,,2%,40%,#REF!,20.5,18,1,,,0,0
Disposal,11,Jackson Mead,PTA,FRE,Wing,ğŸŸ  Moderate (Long Travel),âœ… Neutral,ğŸŸ¡ Slight Unders,,8%,50%,#REF!,14.5,5,1,,,0,0
Mark,12,Tom Stewart,GEE,WCE,GenD,ğŸŸ  Moderate (Long Travel),âœ… Neutral,âœ… Neutral,ğŸŸ¡ CONSIDER,-27%,63%,,7.5,7,1,,,2,0.5
Mark,12,Lawson Humphries,GEE,WCE,GenD,ğŸŸ  Moderate (Long Travel),âœ… Neutral,âœ… Neutral,ğŸš« SKIP - Position,-9%,70%,,6.5,4,1,,,1,1
Disposal,12,Kamdyn McIntosh,RIC,GWS,InsM,âœ… Neutral,âœ… Neutral,ğŸŸ  Moderate Unders,ğŸš« SKIP - Position,5%,46%,,14.5,4,1,,,0,0
Disposal,12,Jack Ross,RIC,GWS,InsM,âœ… Neutral,âœ… Neutral,ğŸŸ  Moderate Unders,ğŸš« SKIP - Position,4%,45%,,17.5,17,1,,,0,0
Disposal,11,Liam Ryan,WCE,ADE,GenF,ğŸŸ  Moderate (Long Travel),âœ… Neutral,ğŸŸ  Moderate Unders,,1%,63%,#REF!,12,11,1,,Negative - Role Change,0,0.5
Mark,11,Charlie Curnow,CAR,GWS,KeyF,âœ… Neutral,âœ… Neutral,ğŸ”´ Strong Unders,,6%,38%,#REF!,6.5,5,1,,,0,0
Disposal,10,Ryan Byrnes,STK,WCE,Wing,ğŸŸ  Moderate (Long Travel),âœ… Neutral,ğŸŸ  Moderate Unders,,1%,67%,#REF!,18,17,1,,,0,0.5
Disposal,11,Jake Waterman,WCE,ADE,KeyF,ğŸŸ  Moderate (Long Travel),âœ… Neutral,ğŸŸ¡ Slight Unders,,-4%,57%,#REF!,11,7,1,,,0,0.5
Disposal,10,Darcy Wilson,STK,WCE,Wing,ğŸŸ  Moderate (Long Travel),âœ… Neutral,ğŸŸ  Moderate Unders,,2%,44%,#REF!,18,17,1,,,0,0
Mark,10,Connor O'Sullivan,GEE,PTA,KeyD,âœ… Neutral,âœ… Neutral,ğŸŸ  Moderate Unders,,41%,22%,#REF!,4.5,3,1,,,0,0
Mark,11,Mitch McGovern,CAR,GWS,KeyD,âœ… Neutral,âœ… Neutral,ğŸŸ  Moderate Unders,,0%,60%,#REF!,5,3,1,,,0,0.5
Mark,11,Oliver Hollands,CAR,GWS,GenD,âœ… Neutral,âœ… Neutral,ğŸŸ  Moderate Unders,,14%,60%,#REF!,5,3,1,,,0,0.5
Mark,10,Alex Pearce,FRE,GWS,KeyD,ğŸŸ  Moderate (Long Travel),âœ… Neutral,ğŸŸ  Moderate Unders,,14%,33%,#REF!,4.5,2,1,,,0,0
Mark,10,Noah Balta,RIC,NTH,KeyD,âœ… Neutral,âœ… Neutral,ğŸŸ  Moderate Unders,,4%,65%,#REF!,5.5,2,1,,,0,0.5
Mark,11,Jake Waterman,WCE,ADE,KeyF,ğŸŸ  Moderate (Long Travel),âœ… Neutral,ğŸŸ  Moderate Unders,,7%,57%,#REF!,6,4,1,,,0,0.5
Mark,10,Nick Blakey,SYD,CAR,KeyD,âœ… Neutral,âœ… Neutral,ğŸŸ  Moderate Unders,,9%,78%,#REF!,5,1,1,,,0,1
Disposal,12,Tom Stewart,GEE,WCE,GenD,ğŸŸ  Moderate (Long Travel),âœ… Neutral,âœ… Neutral,ğŸŸ¡ CONSIDER,-22%,67%,,21,18,1,,,2,0.5
Mark,12,Jake Lloyd,SYD,ADE,Wing,âœ… Neutral,âœ… Neutral,ğŸŸ  Moderate Unders,ğŸŸ¢ STRONG BET,11%,46%,,6.5,3,1,,,0,0
Disposal,10,Brennan Cox,FRE,GWS,GenD,ğŸŸ  Moderate (Long Travel),âœ… Neutral,ğŸŸ  Moderate Unders,,1%,44%,#REF!,12,6,1,,,0,0
Mark,11,Harry Himmelberg,GWS,CAR,GenD,âœ… Neutral,âœ… Neutral,ğŸŸ  Moderate Unders,,15%,40%,#REF!,6,4,1,,,0,0
Mark,11,Connor Idun,GWS,CAR,GenD,âœ… Neutral,âœ… Neutral,ğŸŸ  Moderate Unders,,1%,50%,#REF!,7,5,1,,,0,0
Mark,11,Lachie Whitfield,GWS,CAR,GenD,âœ… Neutral,âœ… Neutral,ğŸŸ  Moderate Unders,,6%,50%,#REF!,7,5,1,,,0,0
Tackle,10,Kysaiah Pickett,MEL,BRL,GenF,âœ… Neutral,âœ… Neutral,ğŸŸ  Moderate Unders,,-4%,83%,#REF!,4,3,1,1,,0,1
Tackle,10,Jack Macrae,STK,WCE,InsM,ğŸŸ  Moderate (Long Travel),âœ… Neutral,ğŸŸ  Moderate Unders,,13%,56%,#REF!,5,3,1,,,0,0.5
Tackle,11,Tom Powell,NTH,COL,InsM,âœ… Neutral,ğŸ”µ Avoid (Rain),ğŸŸ  Moderate Unders,,16%,40%,#REF!,4.5,3,1,,,0,0
Disposal,11,Sam Powell-Pepper,PTA,FRE,GenF,ğŸŸ  Moderate (Long Travel),âœ… Neutral,ğŸŸ¡ Slight Unders,,-6%,60%,#REF!,15.5,9,1,,,1,0.5
Mark,11,Jase Burgoyne,PTA,FRE,Wing,ğŸŸ  Moderate (Long Travel),âœ… Neutral,ğŸŸ¡ Slight Unders,,4%,70%,#REF!,5,4,1,,,0,1
Tackle,11,George Wardlaw,NTH,COL,InsM,âœ… Neutral,ğŸ”µ Avoid (Rain),ğŸŸ  Moderate Unders,,0%,50%,#REF!,5.5,4,1,,,0,0
Disposal,10,Jordan Clark,FRE,GWS,GenD,ğŸŸ  Moderate (Long Travel),âœ… Neutral,ğŸŸ  Moderate Unders,,2%,56%,#REF!,23,21,1,,,0,0.5
Disposal,10,Karl Worner,FRE,GWS,GenD,ğŸŸ  Moderate (Long Travel),âœ… Neutral,ğŸŸ  Moderate Unders,,6%,50%,#REF!,13,8,1,,,0,0
Disposal,12,Beau McCreery,COL,HAW,GenF,âœ… Neutral,âœ… Neutral,ğŸŸ  Moderate Unders,ğŸŸ¡ CONSIDER,-4%,55%,,11,11,0,,,0,0.5
Mark,12,Oliver Dempsey,GEE,WCE,Wing,ğŸŸ  Moderate (Long Travel),âœ… Neutral,âœ… Neutral,ğŸŸ¡ CONSIDER,-20%,91%,,5,2,1,,,2,1
Disposal,12,Jamie Elliott,COL,HAW,GenF,âœ… Neutral,âœ… Neutral,ğŸŸ  Moderate Unders,ğŸŸ¡ CONSIDER,6%,50%,,12,12,0,,,0,0
Mark,10,Tom McDonald,MEL,BRL,GenD,âœ… Neutral,âœ… Neutral,ğŸŸ  Moderate Unders,,7%,78%,#REF!,6,6,0,,,0,1
Mark,10,Tom McCartin,SYD,CAR,KeyD,âœ… Neutral,âœ… Neutral,ğŸŸ  Moderate Unders,,13%,44%,#REF!,5,5,0,,,0,0
Mark,12,Nic Martin,ESS,BRL,GenF,âœ… Neutral,âœ… Neutral,ğŸŸ  Moderate Unders,ğŸŸ¢ STRONG BET,14%,40%,,7,7,0,1,,0,0
Tackle,12,Chad Warner,SYD,ADE,InsM,âœ… Neutral,âœ… Neutral,ğŸŸ  Moderate Unders,ğŸŸ¢ STRONG BET,-5%,65%,,4,4,0,1,,0,0.5
Tackle,11,Luke Davies-Uniacke,NTH,COL,InsM,âœ… Neutral,ğŸ”µ Avoid (Rain),ğŸŸ  Moderate Unders,,0%,60%,#REF!,4,4,0,,,0,0.5
Mark,12,Eric Hipwood,BRL,ESS,KeyF,ğŸŸ¡ Slight (Short Break),âœ… Neutral,âœ… Neutral,ğŸŸ¡ CONSIDER,-6%,73%,,5.5,5,1,,,1,1
Tackle,12,Lloyd Meek,HAW,COL,Ruck,âœ… Neutral,âœ… Neutral,ğŸŸ  Moderate Unders,ğŸŸ¢ STRONG BET,-10%,70%,,4,4,0,,,1,1
Disposal,12,Eric Hipwood,BRL,ESS,KeyF,ğŸŸ¡ Slight (Short Break),âœ… Neutral,ğŸŸ  Moderate Unders,ğŸŸ¢ STRONG BET,-6%,55%,,11,12,-1,,,1,0.5
Mark,12,Shannon Neale,GEE,WCE,KeyF,ğŸŸ  Moderate (Long Travel),âœ… Neutral,âœ… Neutral,ğŸŸ¡ CONSIDER,-34%,91%,,5.5,5,1,,,2,1
Disposal,11,Caleb Daniel,NTH,COL,KeyD,âœ… Neutral,âœ… Neutral,ğŸŸ  Moderate Unders,,9%,30%,#REF!,23.5,30,-1,,,0,0
Disposal,12,Brody Mihocek,COL,HAW,KeyF,âœ… Neutral,âœ… Neutral,ğŸŸ  Moderate Unders,ğŸŸ¡ CONSIDER,11%,33%,,8.5,12,-1,,,0,0
Disposal,10,Caleb Serong,FRE,GWS,InsM,ğŸŸ  Moderate (Long Travel),âœ… Neutral,ğŸŸ  Moderate Unders,,6%,33%,#REF!,26,36,-1,,,0,0
Disposal,10,Bailey Dale,WBD,ESS,GenD,âœ… Neutral,âœ… Neutral,ğŸŸ  Moderate Unders,,1%,44%,#REF!,26.5,49,-1,,,0,0
Disposal,10,Charlie Spargo,MEL,BRL,GenF,âœ… Neutral,âœ… Neutral,ğŸŸ  Moderate Unders,,-4%,43%,#REF!,11.5,13,-1,,,0,0
Disposal,10,Kysaiah Pickett,MEL,BRL,GenF,âœ… Neutral,âœ… Neutral,ğŸŸ  Moderate Unders,,12%,33%,#REF!,17.5,21,-1,1,,0,0
Disposal,11,Luke Ryan,FRE,PTA,GenD,âœ… Neutral,âœ… Neutral,ğŸŸ  Moderate Unders,,1%,50%,#REF!,21,22,-1,,,0,0
Disposal,11,Brennan Cox,FRE,PTA,GenD,âœ… Neutral,âœ… Neutral,ğŸŸ  Moderate Unders,,0%,40%,#REF!,11.5,13,-1,,,0,0
Disposal,12,Lloyd Meek,HAW,COL,Ruck,âœ… Neutral,âœ… Neutral,ğŸŸ  Moderate Unders,ğŸŸ¡ CONSIDER,-5%,60%,,13.5,15,-1,,,1,0.5
Disposal,10,Sam Wicks,SYD,CAR,GenD,âœ… Neutral,âœ… Neutral,ğŸŸ  Moderate Unders,,4%,56%,#REF!,14,20,-1,,,0,0.5
Disposal,10,Zach Guthrie,GEE,PTA,GenD,âœ… Neutral,âœ… Neutral,ğŸŸ  Moderate Unders,,6%,56%,#REF!,18,21,-1,,,0,0.5
Disposal,11,Alex Pearce,FRE,PTA,KeyD,âœ… Neutral,âœ… Neutral,ğŸŸ  Moderate Unders,,4%,50%,#REF!,11,12,-1,,,0,0
Disposal,11,Karl Worner,FRE,PTA,KeyD,âœ… Neutral,âœ… Neutral,ğŸŸ  Moderate Unders,,-3%,56%,#REF!,13.5,18,-1,,,0,0.5
Mark,11,Peter Wright,ESS,RIC,KeyF,âœ… Neutral,âœ… Neutral,ğŸŸ¡ Slight Unders,,9%,40%,#REF!,5.5,5,1,,,0,0
Disposal,12,Shannon Neale,GEE,WCE,KeyF,ğŸŸ  Moderate (Long Travel),âœ… Neutral,âœ… Neutral,ğŸŸ¡ CONSIDER,-18%,82%,,9.5,8,1,,,2,1
Disposal,10,Ed Langdon,MEL,BRL,Wing,âœ… Neutral,âœ… Neutral,ğŸŸ  Moderate Unders,,8%,44%,#REF!,20,25,-1,,,0,0
Disposal,12,Sam Banks,RIC,GWS,GenD,âœ… Neutral,âœ… Neutral,ğŸŸ  Moderate Unders,ğŸš« SKIP - Position,16%,0%,,23.5,25,-1,,,0,0
Disposal,12,Ben Hobbs,ESS,BRL,GenF,âœ… Neutral,âœ… Neutral,ğŸŸ  Moderate Unders,ğŸŸ¢ STRONG BET,3%,70%,,15,19,-1,,,0,1
Disposal,12,Jade Gresham,ESS,BRL,GenF,âœ… Neutral,âœ… Neutral,ğŸŸ  Moderate Unders,ğŸŸ¢ STRONG BET,4%,63%,,12.5,13,-1,,,0,0.5
Disposal,12,Isaac Kako,ESS,BRL,GenF,âœ… Neutral,âœ… Neutral,ğŸŸ  Moderate Unders,ğŸŸ¢ STRONG BET,6%,50%,,9.5,11,-1,,,0,0
Disposal,12,Nic Martin,ESS,BRL,GenF,âœ… Neutral,âœ… Neutral,ğŸŸ  Moderate Unders,ğŸŸ¢ STRONG BET,0%,60%,,25.5,29,-1,1,,0,0.5
Mark,10,Josh Treacy,FRE,GWS,KeyF,ğŸŸ  Moderate (Long Travel),âœ… Neutral,ğŸ”´ Strong Unders,,13%,56%,#REF!,5,2,1,,,0,0.5
Disposal,12,Brayden Fiorini,GCS,FRE,Wing,âœ… Neutral,âš ï¸ Medium Unders Edge (Rain),ğŸŸ  Moderate Unders,ğŸŸ¡ CONSIDER,-3%,33%,,17.5,19,-1,,,0,0
Disposal,11,Oliver Hollands,CAR,GWS,GenD,âœ… Neutral,âœ… Neutral,ğŸŸ  Moderate Unders,,2%,40%,#REF!,16.5,17,-1,,,0,0
Disposal,11,Harry Himmelberg,GWS,CAR,GenD,âœ… Neutral,âœ… Neutral,ğŸŸ  Moderate Unders,,7%,50%,#REF!,18,19,-1,,,0,0
Disposal,10,Tom McCartin,SYD,CAR,KeyD,âœ… Neutral,âœ… Neutral,ğŸŸ  Moderate Unders,,0%,56%,#REF!,11,14,-1,,,0,0.5
Disposal,10,Andrew McGrath,ESS,WBD,GenD,âœ… Neutral,âœ… Neutral,ğŸŸ  Moderate Unders,,3%,50%,#REF!,21.5,25,-1,,,0,0
Disposal,10,Jaxon Prior,ESS,WBD,GenD,âœ… Neutral,âœ… Neutral,ğŸŸ  Moderate Unders,,2%,50%,#REF!,15,17,-1,,,0,0
Disposal,10,Mason Redman,ESS,WBD,GenD,âœ… Neutral,âœ… Neutral,ğŸŸ  Moderate Unders,,-4%,88%,#REF!,22,27,-1,,,0,1
Mark,11,Nick Haynes,CAR,GWS,GenD,âœ… Neutral,âœ… Neutral,ğŸŸ  Moderate Unders,,21%,50%,#REF!,7,8,-1,,,0,0
Mark,11,Sam Taylor,GWS,CAR,KeyD,âœ… Neutral,âœ… Neutral,ğŸŸ  Moderate Unders,,0%,60%,#REF!,6,7,-1,,,0,0.5
Disposal,12,Jeremy Cameron,GEE,WCE,KeyF,ğŸŸ  Moderate (Long Travel),âœ… Neutral,âœ… Neutral,ğŸŸ¡ CONSIDER,-6%,73%,,15.5,14,1,,,1,1
Mark,12,Nathan Broad,RIC,GWS,KeyD,âœ… Neutral,âœ… Neutral,ğŸŸ  Moderate Unders,ğŸŸ¢ STRONG BET,14%,46%,,5.5,7,-1,,,0,0
Mark,12,Ben Miller,RIC,GWS,KeyD,âœ… Neutral,âœ… Neutral,ğŸŸ  Moderate Unders,ğŸŸ¢ STRONG BET,16%,36%,,5,6,-1,,,0,0
Mark,10,Steven May,MEL,BRL,KeyD,âœ… Neutral,âœ… Neutral,ğŸŸ  Moderate Unders,,0%,67%,#REF!,6,8,-1,,,0,0.5
Mark,10,Jake Bowey,MEL,BRL,KeyD,âœ… Neutral,âœ… Neutral,ğŸŸ  Moderate Unders,,-2%,67%,#REF!,6,8,-1,,,0,0.5
Mark,10,Max Holmes,GEE,PTA,InsM,âœ… Neutral,âœ… Neutral,ğŸŸ  Moderate Unders,,16%,44%,#REF!,4.5,5,-1,,,0,0
Disposal,12,Luke Jackson,FRE,GCS,Ruck,ğŸŸ  Moderate (Long Travel),âš ï¸ Medium Unders Edge (Rain),ğŸ”´ Strong Unders,ğŸŸ¢ STRONG BET,10%,38%,,16,27,-1,1,,0,0
Disposal,10,Toby Nankervis,RIC,NTH,Ruck,âœ… Neutral,âœ… Neutral,ğŸ”´ Strong Unders,,7%,56%,#REF!,16,15,1,,,0,0.5
Disposal,12,Rowan Marshall,STK,MEL,Ruck,âœ… Neutral,âœ… Neutral,ğŸ”´ Strong Unders,ğŸŸ¡ CONSIDER,6%,55%,,16.5,16,1,,,0,0.5
Disposal,12,Brodie Grundy,SYD,ADE,Ruck,âœ… Neutral,âœ… Neutral,ğŸ”´ Strong Unders,ğŸŸ¡ CONSIDER,7%,46%,,16,23,-1,,,0,0
Disposal,12,Jake Lloyd,SYD,ADE,Wing,âœ… Neutral,âœ… Neutral,ğŸ”´ Strong Unders,ğŸŸ¢ STRONG BET,6%,46%,,20,11,1,,,0,0
Disposal,11,Zak Butters,PTA,FRE,InsM,ğŸŸ  Moderate (Long Travel),âœ… Neutral,ğŸ”´ Strong Unders,,-1%,57%,#REF!,28,24,1,,,0,0.5
Disposal,11,Willem Drew,PTA,FRE,InsM,ğŸŸ  Moderate (Long Travel),âœ… Neutral,ğŸ”´ Strong Unders,,2%,70%,#REF!,18,23,-1,,,0,1
Disposal,11,Jeremy Sharp,FRE,PTA,Wing,âœ… Neutral,âœ… Neutral,âœ… Neutral,,-10%,40%,#REF!,16,11,1,,,1,0
Disposal,12,Matt Rowell,GCS,FRE,InsM,âœ… Neutral,âš ï¸ Medium Unders Edge (Rain),ğŸ”´ Strong Unders,ğŸš« SKIP - Position,6%,40%,,23,27,-1,,,0,0
Disposal,12,Noah Anderson,GCS,FRE,InsM,âœ… Neutral,âš ï¸ Medium Unders Edge (Rain),ğŸ”´ Strong Unders,ğŸš« SKIP - Position,8%,50%,,28,39,-1,,,0,0
Disposal,12,Touk Miller,GCS,FRE,InsM,âœ… Neutral,âš ï¸ Medium Unders Edge (Rain),ğŸ”´ Strong Unders,ğŸš« SKIP - Position,5%,50%,,25,24,1,,,0,0
Disposal,10,Finn Callaghan,GWS,FRE,InsM,âœ… Neutral,âœ… Neutral,ğŸ”´ Strong Unders,,2%,50%,#REF!,26.5,24,1,,,0,0
Disposal,10,Tom Green,GWS,FRE,InsM,âœ… Neutral,âœ… Neutral,ğŸ”´ Strong Unders,,9%,25%,#REF!,30.5,25,1,,,0,0
Disposal,10,Patrick Lipinski,COL,ADE,Wing,âœ… Neutral,âœ… Neutral,ğŸ”´ Strong Unders,,8%,33%,#REF!,18.5,5,1,,,0,0
Disposal,10,Nasiah Wanganeen-Milera,STK,WCE,KeyD,ğŸŸ  Moderate (Long Travel),âœ… Neutral,ğŸ”´ Strong Unders,,1%,44%,#REF!,27.5,27,1,,,0,0
Mark,11,Nathan Broad,RIC,ESS,KeyD,ğŸŸ¡ Slight (Short Break),âœ… Neutral,ğŸŸ¡ Slight Unders,,2%,70%,#REF!,6,8,-1,,,0,1
Tackle,12,Marcus Windhager,STK,MEL,GenD,âœ… Neutral,âœ… Neutral,ğŸŸ¡ Slight Unders,ğŸš« SKIP - Position,-16%,82%,,4,4,0,1,,2,1
Disposal,10,Callum Wilkie,STK,WCE,KeyD,ğŸŸ  Moderate (Long Travel),âœ… Neutral,ğŸ”´ Strong Unders,,4%,44%,#REF!,18,24,-1,,,0,0
Disposal,10,Isaac Heeney,SYD,CAR,InsM,âœ… Neutral,âœ… Neutral,ğŸ”´ Strong Unders,,-4%,78%,#REF!,22.5,38,-1,,,0,1
Disposal,10,Chad Warner,SYD,CAR,InsM,âœ… Neutral,âœ… Neutral,ğŸ”´ Strong Unders,,-4%,44%,#REF!,22.5,30,-1,1,,0,0
Mark,12,Peter Wright,ESS,BRL,KeyF,âœ… Neutral,âœ… Neutral,âœ… Neutral,ğŸŸ¡ CONSIDER,17%,50%,,5,6,-1,,,0,0
Mark,13,Nick Larkey,NTH,WCE,KeyF,ğŸŸ  Moderate (Long Travel),âœ… Neutral,âœ… Neutral,ğŸŸ¡ CONSIDER - Long Travel,-18%,91%,,5,6,-1,,,,
Mark,11,Eric Hipwood,BRL,HAW,KeyF,âœ… Neutral,âœ… Neutral,ğŸ”´ Strong Unders,,20%,50%,#REF!,4.5,3,1,,,0,0
Mark,13,Mitch Georgiades,PTA,GWS,KeyF,ğŸŸ  Moderate (Long Travel),âš ï¸ Medium Unders Edge (Rain),âœ… Neutral,ğŸŸ¡ STRONG BET - Long Travel,21%,36%,,4.5,5,1,,,,
Mark,11,Nick Larkey,NTH,COL,KeyF,âœ… Neutral,âœ… Neutral,ğŸŸ  Moderate Unders,,3%,50%,#REF!,4,4,0,,,0,0
Mark,11,Steven May,MEL,SYD,KeyD,âœ… Neutral,âœ… Neutral,ğŸ”´ Strong Unders,,-3%,57%,#REF!,6.5,5,1,,,0,0.5
Mark,10,Mitch McGovern,CAR,SYD,KeyD,âœ… Neutral,âœ… Neutral,ğŸ”´ Strong Unders,,4%,56%,#REF!,5,3,1,,,0,0.5
Mark,10,Jacob Weitering,CAR,SYD,KeyD,âœ… Neutral,âœ… Neutral,ğŸ”´ Strong Unders,,18%,56%,#REF!,7,4,1,,,0,0.5
Mark,11,Alex Pearce,FRE,PTA,KeyD,âœ… Neutral,âœ… Neutral,ğŸŸ  Moderate Unders,,7%,40%,#REF!,4.5,7,-1,,,0,0
Mark,11,Callum Wilkie,STK,GCS,KeyD,âœ… Neutral,âœ… Neutral,ğŸ”´ Strong Unders,,5%,50%,#REF!,8,8,0,,,0,0
Mark,11,Brennan Cox,FRE,PTA,GenD,âœ… Neutral,âœ… Neutral,ğŸ”´ Strong Unders,,18%,50%,#REF!,4.5,3,1,,,0,0
Mark,11,Luke Ryan,FRE,PTA,GenD,âœ… Neutral,âœ… Neutral,ğŸ”´ Strong Unders,,0%,60%,#REF!,6.5,7,-1,,,0,0.5
Mark,10,Ed Langdon,MEL,BRL,Wing,âœ… Neutral,âœ… Neutral,ğŸŸ  Moderate Unders,,27%,33%,#REF!,5,6,-1,,,0,0
Mark,11,Jordan Clark,FRE,PTA,GenD,âœ… Neutral,âœ… Neutral,ğŸ”´ Strong Unders,,-4%,60%,#REF!,5.5,6,-1,,,0,0.5
Mark,12,Nick Vlastuin,RIC,GWS,GenD,âœ… Neutral,âœ… Neutral,ğŸ”´ Strong Unders,ğŸš« SKIP - Position,17%,64%,,5.5,4,1,,,0,0.5
Mark,12,Tom Brown,RIC,GWS,GenD,âœ… Neutral,âœ… Neutral,ğŸ”´ Strong Unders,ğŸš« SKIP - Position,9%,56%,,4.5,2,1,,,0,0.5
Mark,12,Sam Banks,RIC,GWS,GenD,âœ… Neutral,âœ… Neutral,ğŸ”´ Strong Unders,ğŸš« SKIP - Hybrid Position,-4%,55%,,5,7,-1,,,0,0.5
Tackle,11,Marcus Windhager,STK,GCS,GenD,âœ… Neutral,âœ… Neutral,âœ… Neutral,,-18%,80%,#REF!,4,4,0,1,Role - Unsure,2,1
Mark,10,Brennan Cox,FRE,GWS,GenD,ğŸŸ  Moderate (Long Travel),âœ… Neutral,ğŸ”´ Strong Unders,,11%,56%,#REF!,5,3,1,,,0,0.5
Mark,10,Luke Ryan,FRE,GWS,GenD,ğŸŸ  Moderate (Long Travel),âœ… Neutral,ğŸ”´ Strong Unders,,3%,56%,#REF!,6.5,5,1,,,0,0.5
Tackle,12,James Worpel,HAW,COL,InsM,âœ… Neutral,âœ… Neutral,ğŸ”´ Strong Unders,ğŸš« SKIP - Position,10%,70%,,5,4,1,,,0,1
Tackle,12,Jai Newcombe,HAW,COL,InsM,âœ… Neutral,âœ… Neutral,ğŸ”´ Strong Unders,ğŸš« SKIP - Position,16%,60%,,5,3,1,,,0,0.5
Tackle,12,Kamdyn McIntosh,RIC,GWS,InsM,âœ… Neutral,âœ… Neutral,ğŸ”´ Strong Unders,ğŸš« SKIP - Position,7%,58%,,4,1,1,,,0,0.5
Tackle,10,Jack Steele,STK,WCE,InsM,ğŸŸ  Moderate (Long Travel),âœ… Neutral,ğŸŸ  Moderate Unders,,50%,25%,#REF!,5,14,-1,,,0,0
Tackle,12,Tim Taranto,RIC,GWS,InsM,âœ… Neutral,âœ… Neutral,ğŸ”´ Strong Unders,ğŸš« SKIP - Position,8%,57%,,4.5,2,1,,,0,0.5
Tackle,11,George Hewett,CAR,GWS,InsM,âœ… Neutral,ğŸ”µ Avoid (Rain),ğŸ”´ Strong Unders,,7%,50%,#REF!,6,1,1,,,0,0
Tackle,11,Patrick Cripps,CAR,GWS,InsM,âœ… Neutral,ğŸ”µ Avoid (Rain),ğŸ”´ Strong Unders,,-3%,50%,#REF!,6,7,-1,,,0,0
Tackle,11,Adam Cerra,CAR,GWS,InsM,âœ… Neutral,ğŸ”µ Avoid (Rain),ğŸ”´ Strong Unders,,0%,50%,#REF!,4.5,6,-1,,,0,0
Tackle,10,Caleb Serong,FRE,GWS,InsM,ğŸŸ  Moderate (Long Travel),ğŸ”µ Avoid (Rain),ğŸ”´ Strong Unders,,-4%,68%,#REF!,4.5,3,1,,,0,0.5
Tackle,10,Andrew Brayshaw,FRE,GWS,InsM,ğŸŸ  Moderate (Long Travel),ğŸ”µ Avoid (Rain),ğŸ”´ Strong Unders,,11%,44%,#REF!,6,6,0,,,0,0
Tackle,10,Shaun Mannagh,GEE,PTA,GenF,âœ… Neutral,ğŸ”µ Avoid (Rain),âœ… Neutral,,33%,33%,#REF!,4.5,2,1,,,0,0
Tackle,11,James Peatling,ADE,WCE,InsM,âœ… Neutral,âœ… Neutral,âœ… Neutral,,0%,78%,#REF!,5,5,0,1,Negative - Role Change,0,1
Tackle,10,Rowan Marshall,STK,WCE,Ruck,ğŸŸ  Moderate (Long Travel),âœ… Neutral,âœ… Neutral,,5%,33%,#REF!,3.5,5,-1,,,0,0
Mark,12,Archie Roberts,ESS,BRL,GenD,âœ… Neutral,âœ… Neutral,ğŸŸ¡ Slight Unders,ğŸš« SKIP - Position,-8%,80%,,6,8,-1,,,1,1
Tackle,11,Jack Higgins,STK,GCS,GenF,âœ… Neutral,âœ… Neutral,âœ… Neutral,,12%,50%,,2.5,1,1,,,0,0
Mark,12,Jayden Laverde,ESS,BRL,KeyD,âœ… Neutral,âœ… Neutral,ğŸŸ¡ Slight Unders,ğŸŸ¡ CONSIDER,-9%,50%,,5.5,7,-1,,,1,0
Tackle,11,Tim Kelly,WCE,ADE,GenF,ğŸŸ  Moderate (Long Travel),âœ… Neutral,âœ… Neutral,,4%,50%,#REF!,3.5,3,1,,,0,0
Disposal,10,Patrick Dangerfield,GEE,PTA,KeyF,âœ… Neutral,âœ… Neutral,âœ… Neutral,,5%,67%,#REF!,16,3,1,,,0,0.5
Mark,12,Ryan Maric,WCE,GEE,GenD,âœ… Neutral,âœ… Neutral,ğŸŸ¡ Slight Unders,ğŸš« SKIP - Position,-7%,82%,,4,6,-1,,,1,1
Tackle,11,Kade Chandler,MEL,SYD,Wing,âœ… Neutral,âœ… Neutral,ğŸŸ  Moderate Unders,,10%,70%,#REF!,3,4,-1,1,,0,1
Mark,12,Harris Andrews,BRL,ESS,KeyD,ğŸŸ¡ Slight (Short Break),âœ… Neutral,âœ… Neutral,ğŸŸ¡ CONSIDER,11%,45%,,6.5,12,-1,,,0,0
Tackle,12,James Rowbottom,SYD,ADE,InsM,âœ… Neutral,âœ… Neutral,ğŸŸ  Moderate Unders,ğŸŸ¢ STRONG BET,11%,55%,,6.5,9,-1,,,0,0.5
Disposal,12,Harris Andrews,BRL,ESS,KeyD,ğŸŸ¡ Slight (Short Break),âœ… Neutral,âœ… Neutral,ğŸŸ¡ CONSIDER,0%,55%,,13,16,-1,,,0,0.5
Disposal,12,Jack Payne,BRL,ESS,KeyD,ğŸŸ¡ Slight (Short Break),âœ… Neutral,âœ… Neutral,ğŸŸ¡ CONSIDER,10%,50%,,10.5,17,-1,,,0,0
Mark,12,Jack Payne,BRL,ESS,KeyD,ğŸŸ¡ Slight (Short Break),âœ… Neutral,âœ… Neutral,ğŸŸ¡ CONSIDER,-20%,60%,,6.5,9,-1,,,2,0.5
Disposal,11,Nathan Broad,RIC,ESS,KeyD,ğŸŸ¡ Slight (Short Break),âœ… Neutral,âœ… Neutral,,-7%,60%,#REF!,15,22,-1,,,1,0.5
Disposal,10,Jason Johannisen,WBD,ESS,GenD,âœ… Neutral,âœ… Neutral,ğŸŸ  Moderate Unders,,-8%,60%,#REF!,19,20,-1,,,1,0.5
Mark,11,Max Holmes,GEE,WBD,InsM,ğŸŸ¡ Slight (Short Break),âœ… Neutral,ğŸŸ¡ Slight Unders,,16%,40%,#REF!,4.5,5,-1,,,0,0
Disposal,12,Mark Keane,ADE,SYD,KeyD,âœ… Neutral,âœ… Neutral,ğŸŸ  Moderate Unders,ğŸŸ¡ CONSIDER,-6%,64%,,13.5,23,-1,,,1,0.5
Disposal,12,Will Ashcroft,BRL,ESS,InsM,ğŸŸ¡ Slight (Short Break),âœ… Neutral,âœ… Neutral,ğŸš« SKIP - Position,2%,55%,,26.5,30,-1,,,0,0.5
Mark,12,Jarrod Berry,BRL,ESS,GenF,ğŸŸ¡ Slight (Short Break),âœ… Neutral,âœ… Neutral,ğŸŸ¡ CONSIDER,-2%,60%,,5.5,9,-1,,,0,0.5
Disposal,12,Callum Ah Chee,BRL,ESS,GenF,ğŸŸ¡ Slight (Short Break),âœ… Neutral,âœ… Neutral,ğŸŸ¡ CONSIDER,-2%,64%,,12,13,-1,,,0,0.5
Tackle,11,Ryley Sanders,WBD,GEE,GenF,ğŸŸ¡ Slight (Short Break),âœ… Neutral,âœ… Neutral,,-15%,80%,AVOID,4,8,-1,1,,1,1
Disposal,12,Kai Lohmann,BRL,ESS,GenF,ğŸŸ¡ Slight (Short Break),âœ… Neutral,âœ… Neutral,ğŸš« SKIP - FalseEdge Sub,-48%,83%,,11.5,15,-1,,sub previously?,2,1
Disposal,12,Mason Redman,ESS,BRL,GenD,âœ… Neutral,âœ… Neutral,âœ… Neutral,ğŸš« SKIP - Position,8%,50%,,19.5,26,-1,,,0,0
Disposal,12,Archie Roberts,ESS,BRL,GenD,âœ… Neutral,âœ… Neutral,âœ… Neutral,ğŸš« SKIP - Position,2%,40%,,24,20,1,,,0,0
Disposal,12,Nate Caddy,ESS,BRL,KeyF,âœ… Neutral,âœ… Neutral,âœ… Neutral,ğŸŸ¡ CONSIDER,9%,40%,,10.5,10,1,,,0,0
Disposal,12,Andrew McGrath,ESS,BRL,GenD,âœ… Neutral,âœ… Neutral,âœ… Neutral,ğŸš« SKIP - Position,6%,40%,,22,15,1,,,0,0
Disposal,12,Jaxon Prior,ESS,BRL,GenD,âœ… Neutral,âœ… Neutral,âœ… Neutral,ğŸš« SKIP - Position,5%,40%,,15.5,14,1,,,0,0
Mark,11,Oscar Allen,WCE,ADE,KeyF,ğŸŸ  Moderate (Long Travel),âœ… Neutral,ğŸŸ  Moderate Unders,,-9%,75%,#REF!,4,4,0,,,1,1
Disposal,12,Peter Wright,ESS,BRL,KeyF,âœ… Neutral,âœ… Neutral,âœ… Neutral,ğŸŸ¡ CONSIDER,28%,33%,,11.5,15,-1,,,0,0
Disposal,12,Michael Frederick,FRE,GCS,GenF,ğŸŸ  Moderate (Long Travel),âš ï¸ Medium Unders Edge (Rain),âœ… Neutral,ğŸŸ¡ CONSIDER,1%,46%,,12,7,1,,,0,0
Disposal,12,Karl Worner,FRE,GCS,KeyD,ğŸŸ  Moderate (Long Travel),âš ï¸ Medium Unders Edge (Rain),âœ… Neutral,ğŸŸ¡ CONSIDER,1%,50%,,13.5,10,1,,,0,0
Disposal,12,Andrew Brayshaw,FRE,GCS,InsM,ğŸŸ  Moderate (Long Travel),âš ï¸ Medium Unders Edge (Rain),âœ… Neutral,ğŸš« SKIP - Position,-4%,55%,,29,30,-1,,,0,0.5
Disposal,12,Murphy Reid,FRE,GCS,GenF,ğŸŸ  Moderate (Long Travel),âš ï¸ Medium Unders Edge (Rain),âœ… Neutral,ğŸŸ¡ CONSIDER,0%,36%,,13.5,14,-1,,,0,0
Disposal,12,Mac Andrew,GCS,FRE,KeyD,âœ… Neutral,âš ï¸ Medium Unders Edge (Rain),âœ… Neutral,ğŸš« SKIP - Position,-3%,67%,,13,20,-1,,,0,0.5
Disposal,12,Charlie Cameron,BRL,ESS,GenF,ğŸŸ¡ Slight (Short Break),âœ… Neutral,âœ… Neutral,ğŸŸ¡ CONSIDER,-11%,56%,,11.5,8,-1,,,1,0.5
Disposal,12,Mark O'Connor,GEE,WCE,GenD,ğŸŸ  Moderate (Long Travel),âœ… Neutral,âœ… Neutral,ğŸš« SKIP - Position,2%,46%,,14.5,15,-1,1,,0,0
Disposal,11,Miles Bergman,PTA,FRE,InsM,ğŸŸ  Moderate (Long Travel),âœ… Neutral,ğŸ”´ Strong Unders,,-10%,60%,#REF!,19.5,23,-1,,,1,0.5
Disposal,10,Sam Banks,RIC,NTH,Wing,âœ… Neutral,âœ… Neutral,ğŸ”´ Strong Unders,,-17%,88%,#REF!,22,25,-1,,,2,1
Disposal,10,Hugo Ralphsmith,RIC,NTH,Wing,âœ… Neutral,âœ… Neutral,ğŸ”´ Strong Unders,,-8%,80%,#REF!,13,16,-1,,,1,1
Mark,12,Mark Keane,ADE,SYD,KeyD,âœ… Neutral,âœ… Neutral,ğŸ”´ Strong Unders,ğŸŸ¢ STRONG BET,-11%,46%,,4.5,10,-1,,,1,0
Mark,11,Heath Chapman,FRE,PTA,GenD,âœ… Neutral,âœ… Neutral,ğŸ”´ Strong Unders,,-9%,67%,#REF!,5,9,-1,,,1,0.5
Disposal,12,Gryan Miers,GEE,WCE,GenF,ğŸŸ  Moderate (Long Travel),âœ… Neutral,âœ… Neutral,ğŸš« SKIP - Hybrid Position,1%,38%,,21.5,26,1,,,0,0
Disposal,12,Shaun Mannagh,GEE,WCE,GenF,ğŸŸ  Moderate (Long Travel),âœ… Neutral,âœ… Neutral,ğŸŸ¡ CONSIDER,1%,63%,,18.5,18,1,,,0,0.5
Disposal,11,Nick Vlastuin,RIC,ESS,GenD,ğŸŸ¡ Slight (Short Break),âœ… Neutral,ğŸŸ¡ Slight Unders,,-3%,50%,#REF!,19,24,-1,,,0,0
Disposal,12,Noah Answerth,BRL,ESS,GenD,ğŸŸ¡ Slight (Short Break),âœ… Neutral,ğŸŸ¡ Slight Unders,ğŸš« SKIP - Position,1%,46%,,13.5,20,-1,,,0,0
Disposal,12,Ryan Lester,BRL,ESS,GenD,ğŸŸ¡ Slight (Short Break),âœ… Neutral,ğŸŸ¡ Slight Unders,ğŸš« SKIP - Position,2%,55%,,14,15,-1,,,0,0.5
Disposal,12,Lawson Humphries,GEE,WCE,GenD,ğŸŸ  Moderate (Long Travel),âœ… Neutral,âœ… Neutral,ğŸš« SKIP - Position,-1%,60%,,19.5,12,1,,,0,0.5
Disposal,12,Zach Guthrie,GEE,WCE,GenD,ğŸŸ  Moderate (Long Travel),âœ… Neutral,âœ… Neutral,ğŸš« SKIP - Position,3%,55%,,18.5,13,1,,,0,0.5
Mark,12,Gryan Miers,GEE,WCE,GenF,ğŸŸ  Moderate (Long Travel),âœ… Neutral,âœ… Neutral,ğŸš« SKIP - Hybrid Position,9%,44%,,6,13,1,,,0,0
Mark,11,Lawson Humphries,GEE,WBD,GenD,ğŸŸ¡ Slight (Short Break),âœ… Neutral,ğŸŸ¡ Slight Unders,,7%,55%,#REF!,5.5,6,-1,,,0,0.5
Mark,11,Jack Henry,GEE,WBD,GenD,ğŸŸ¡ Slight (Short Break),âœ… Neutral,ğŸŸ¡ Slight Unders,,33%,60%,#REF!,6,8,-1,,,0,0.5
Mark,12,Bailey Smith,GEE,WCE,InsM,ğŸŸ  Moderate (Long Travel),âœ… Neutral,âœ… Neutral,ğŸš« SKIP - Position,-20%,70%,,6.5,7,-1,,,2,1
Mark,12,Max Holmes,GEE,WCE,InsM,ğŸŸ  Moderate (Long Travel),âœ… Neutral,âœ… Neutral,ğŸš« SKIP - Position,4%,64%,,5,7,-1,,,0,0.5
Disposal,10,Jeremy Cameron,GEE,PTA,GenF,âœ… Neutral,âœ… Neutral,âœ… Neutral,,0%,44%,#REF!,14.5,16,-1,,,0,0
Disposal,12,Max Holmes,GEE,WCE,InsM,ğŸŸ  Moderate (Long Travel),âœ… Neutral,âœ… Neutral,ğŸš« SKIP - Position,-1%,64%,,24.5,27,-1,,,0,0.5
Disposal,10,Shaun Mannagh,GEE,PTA,GenF,âœ… Neutral,âœ… Neutral,âœ… Neutral,,8%,40%,#REF!,16.5,21,-1,,,0,0
Disposal,12,Bailey Smith,GEE,WCE,InsM,ğŸŸ  Moderate (Long Travel),âœ… Neutral,âœ… Neutral,ğŸš« SKIP - Position,3%,50%,,30,30,-1,,,0,0
Disposal,12,Brad Close,GEE,WCE,GenF,ğŸŸ  Moderate (Long Travel),âœ… Neutral,âœ… Neutral,ğŸŸ¡ CONSIDER,-1%,55%,,12,13,-1,,,0,0.5
Disposal,10,Mitch Owens,STK,WCE,GenF,ğŸŸ  Moderate (Long Travel),âœ… Neutral,âœ… Neutral,,-4%,50%,#REF!,13.5,12,1,,,0,0
Disposal,11,Laitham Vandermeer,WBD,GEE,GenD,ğŸŸ¡ Slight (Short Break),âœ… Neutral,ğŸŸ¡ Slight Unders,,8%,38%,#REF!,10.5,13,-1,,,0,0
Disposal,10,Patrick Voss,FRE,GWS,GenF,ğŸŸ  Moderate (Long Travel),âœ… Neutral,âœ… Neutral,,15%,20%,#REF!,8.5,11,-1,,,0,0
Mark,12,Harry Himmelberg,GWS,RIC,Wing,âœ… Neutral,âœ… Neutral,âœ… Neutral,ğŸŸ¡ CONSIDER,0%,50%,,6.5,4,1,,,0,0
Disposal,10,Bayley Fritsch,MEL,BRL,KeyF,âœ… Neutral,âœ… Neutral,âœ… Neutral,,1%,50%,#REF!,9.5,7,1,,,0,0
Disposal,10,Jake Bowey,MEL,BRL,KeyD,âœ… Neutral,âœ… Neutral,âœ… Neutral,,5%,56%,#REF!,23,22,1,,,0,0.5
Disposal,10,Jack Darling,NTH,RIC,KeyF,âœ… Neutral,âœ… Neutral,âœ… Neutral,,-4%,56%,#REF!,10.5,17,-1,,,0,0.5
Disposal,11,Tim Kelly,WCE,ADE,InsM,ğŸŸ  Moderate (Long Travel),âœ… Neutral,âœ… Neutral,,-1%,63%,#REF!,17,17,0,,Role - Unsure,0,0.5
Mark,13,Dylan Stephens,NTH,WCE,Wing,ğŸŸ  Moderate (Long Travel),âœ… Neutral,âœ… Neutral,ğŸŸ¢ AUTO-BET - Wing Long Travel,-10%,60%,,6,3,1,,,,
Disposal,10,Jimmy Webster,STK,WCE,GenD,ğŸŸ  Moderate (Long Travel),âœ… Neutral,âœ… Neutral,,-6%,56%,#REF!,14,17,-1,,,1,0.5
Mark,10,Jimmy Webster,STK,WCE,GenD,ğŸŸ  Moderate (Long Travel),âœ… Neutral,âœ… Neutral,,-7%,56%,#REF!,5,6,-1,,,1,0.5
Mark,10,Jack Sinclair,STK,WCE,GenD,ğŸŸ  Moderate (Long Travel),âœ… Neutral,âœ… Neutral,,-6%,67%,#REF!,4.5,7,-1,,,1,0.5
Disposal,10,Jack Sinclair,STK,WCE,GenD,ğŸŸ  Moderate (Long Travel),âœ… Neutral,âœ… Neutral,,0%,78%,#REF!,26,38,-1,,,0,1
Disposal,10,Rowan Marshall,STK,WCE,Ruck,ğŸŸ  Moderate (Long Travel),âœ… Neutral,âœ… Neutral,,-7%,67%,#REF!,18.5,27,-1,,,1,0.5
Disposal,10,Max Hall,STK,WCE,GenF,ğŸŸ  Moderate (Long Travel),âœ… Neutral,âœ… Neutral,,-1%,44%,#REF!,14.5,13,1,,,0,0
Disposal,10,Mattaes Phillipou,STK,WCE,InsM,ğŸŸ  Moderate (Long Travel),âœ… Neutral,âœ… Neutral,,20%,20%,#REF!,17,14,1,,,0,0
Disposal,10,Christian Salem,MEL,BRL,GenD,âœ… Neutral,âœ… Neutral,âœ… Neutral,,10%,44%,#REF!,20.5,20,1,,,0,0
Mark,10,Christian Salem,MEL,BRL,GenD,âœ… Neutral,âœ… Neutral,âœ… Neutral,,32%,22%,#REF!,6,8,-1,,,0,0
Disposal,11,Connor Macdonald,HAW,BRL,GenF,âœ… Neutral,âœ… Neutral,ğŸŸ  Moderate Unders,,-13%,75%,#REF!,15,20,-1,,,1,1
Tackle,13,Jy Simpkin,NTH,WCE,Wing,ğŸŸ  Moderate (Long Travel),âœ… Neutral,âœ… Neutral,ğŸŸ¢ AUTO-BET - Wing Long Travel,-5%,73%,,4,2,1,,,,
Disposal,13,Jackson Mead,PTA,GWS,Wing,ğŸŸ  Moderate (Long Travel),âš ï¸ Medium Unders Edge (Rain),âœ… Neutral,ğŸŸ¢ AUTO-BET - Wing Long Travel,9%,27%,,13.5,8,1,,,,
Disposal,11,Isaac Cumming,ADE,WCE,Wing,âœ… Neutral,âœ… Neutral,ğŸŸ  Moderate Unders,,-8%,60%,#REF!,15.5,16,-1,,,1,0.5
Disposal,10,Bradley Hill,STK,WCE,Wing,ğŸŸ  Moderate (Long Travel),âœ… Neutral,âœ… Neutral,,-5%,56%,#REF!,20,22,-1,,,0,0.5
Disposal,13,Jed Walter,GCS,GEE,KeyF,ğŸŸ  Moderate (Long Travel),âš ï¸ Medium Unders Edge (Rain),âœ… Neutral,ğŸŸ¡ STRONG BET - Long Travel,-12%,60%,,8.5,7,1,,,,
Disposal,13,Ben King,GCS,GEE,KeyF,ğŸŸ  Moderate (Long Travel),âš ï¸ Medium Unders Edge (Rain),âœ… Neutral,ğŸŸ¡ STRONG BET - Long Travel,-7%,55%,,8,4,1,,,,
Mark,13,Jack Darling,NTH,WCE,KeyF,ğŸŸ  Moderate (Long Travel),âœ… Neutral,âœ… Neutral,ğŸŸ¡ CONSIDER - Long Travel,-14%,64%,,4,4,0,,,,
Disposal,13,Jack Darling,NTH,WCE,KeyF,ğŸŸ  Moderate (Long Travel),âœ… Neutral,âœ… Neutral,ğŸŸ¡ CONSIDER - Long Travel,1%,55%,,10.5,10,1,,,,
Disposal,13,Brayden Fiorini,GCS,GEE,Wing,ğŸŸ  Moderate (Long Travel),âš ï¸ Medium Unders Edge (Rain),ğŸŸ¡ Slight Unders,ğŸŸ¢ AUTO-BET - Wing Long Travel,-2%,40%,,18,24,-1,,,,
Disposal,13,Mac Andrew,GCS,GEE,KeyD,ğŸŸ  Moderate (Long Travel),âš ï¸ Medium Unders Edge (Rain),âœ… Neutral,ğŸŸ¡ STRONG BET - Long Travel,3%,60%,,13,11,1,,,,
Mark,12,Hayden McLean,SYD,ADE,KeyF,âœ… Neutral,âœ… Neutral,ğŸŸ  Moderate Unders,ğŸŸ¢ STRONG BET,6%,60%,,3.5,1,1,,,0,0.5
Mark,13,Mac Andrew,GCS,GEE,KeyD,ğŸŸ  Moderate (Long Travel),âš ï¸ Medium Unders Edge (Rain),âœ… Neutral,ğŸŸ¡ STRONG BET - Long Travel,13%,60%,,4.5,2,1,,,,
Mark,13,Aliir Aliir,PTA,GWS,KeyD,ğŸŸ  Moderate (Long Travel),âš ï¸ Medium Unders Edge (Rain),ğŸŸ  Moderate Unders (-0.8),ğŸŸ¡ STRONG BET - Long Travel,3%,46%,,6,4,1,,,,
Disposal,13,Jy Simpkin,NTH,WCE,Wing,ğŸŸ  Moderate (Long Travel),âœ… Neutral,ğŸŸ  Moderate Unders,ğŸŸ¢ AUTO-BET - Wing Long Travel,9%,46%,,21,23,-1,,,,
Disposal,13,Logan Morris,BRL,ADE,KeyF,ğŸŸ  Moderate (Long Travel),âœ… Neutral,ğŸŸ¡ Slight Unders,ğŸŸ¡ CONSIDER - Long Travel,3%,46%,,8.5,12,-1,,,,
Disposal,13,Sam Flanders,GCS,GEE,GenF,ğŸŸ  Moderate (Long Travel),âš ï¸ Medium Unders Edge (Rain),âœ… Neutral,ğŸŸ¢ AUTO-BET - GenF Medium Rain,3%,40%,,18,7,1,,,,
Disposal,13,Ben Ainsworth,GCS,GEE,GenF,ğŸŸ  Moderate (Long Travel),âš ï¸ Medium Unders Edge (Rain),âœ… Neutral,ğŸŸ¢ AUTO-BET - GenF Medium Rain,3%,40%,,14.5,4,1,,,,
Disposal,13,Ben Long,GCS,GEE,GenF,ğŸŸ  Moderate (Long Travel),âš ï¸ Medium Unders Edge (Rain),âœ… Neutral,ğŸŸ¢ AUTO-BET - GenF Medium Rain,8%,50%,,11,8,1,,,,
Disposal,13,Joe Richards,PTA,GWS,GenF,ğŸŸ  Moderate (Long Travel),âš ï¸ Medium Unders Edge (Rain),ğŸŸ¡ Slight Unders,ğŸŸ¢ AUTO-BET - GenF Medium Rain,12%,50%,,13.5,15,-1,,,,
Disposal,13,Cameron Zurhaar,NTH,WCE,GenF,ğŸŸ  Moderate (Long Travel),âœ… Neutral,âœ… Neutral,ğŸŸ¡ STRONG BET - Long Travel,-7%,73%,,12.5,10,1,,,,
Disposal,13,Kai Lohmann,BRL,ADE,GenF,ğŸŸ  Moderate (Long Travel),âœ… Neutral,ğŸŸ  Moderate Unders,ğŸŸ¡ STRONG BET - Long Travel,-31%,71%,,10.5,11,-1,,,,
Disposal,13,Paul Curtis,NTH,WCE,GenF,ğŸŸ  Moderate (Long Travel),âœ… Neutral,âœ… Neutral,ğŸŸ¡ STRONG BET - Long Travel,8%,50%,,13,8,1,,,,
Disposal,13,Cam Rayner,BRL,ADE,GenF,ğŸŸ  Moderate (Long Travel),âœ… Neutral,ğŸŸ  Moderate Unders,ğŸŸ¡ STRONG BET - Long Travel,-2%,58%,,14.5,17,-1,,,,
Mark,13,Paul Curtis,NTH,WCE,GenF,ğŸŸ  Moderate (Long Travel),âœ… Neutral,âœ… Neutral,ğŸŸ¡ STRONG BET - Long Travel,9%,50%,,4,2,1,,,,
Mark,12,Brody Mihocek,COL,HAW,KeyF,âœ… Neutral,âœ… Neutral,ğŸ”´ Strong Unders,ğŸŸ¢ STRONG BET,33%,56%,,3,6,-1,,,0,0.5
Disposal,13,Caleb Daniel,NTH,WCE,GenD,ğŸŸ  Moderate (Long Travel),âœ… Neutral,ğŸŸ¡ Slight Unders,ğŸŸ¡ STRONG BET - Long Travel,4%,64%,,25,29,-1,,,,
Disposal,13,Jaspa Fletcher,BRL,ADE,Wing,ğŸŸ  Moderate (Long Travel),âœ… Neutral,ğŸ”´ Strong Unders,ğŸŸ¢ AUTO-BET - Wing Long Travel,0%,42%,,20,27,-1,,,,
Disposal,13,Zac Bailey,BRL,ADE,Wing,ğŸŸ  Moderate (Long Travel),âœ… Neutral,ğŸ”´ Strong Unders,ğŸŸ¢ AUTO-BET - Wing Long Travel,3%,58%,,17,21,-1,,,,
Disposal,13,Connor Rozee,PTA,GWS,GenD,ğŸŸ  Moderate (Long Travel),âš ï¸ Medium Unders Edge (Rain),ğŸŸ¡ Slight Unders,ğŸŸ¡ STRONG BET - Long Travel,5%,46%,,27.5,28,-1,,,,
Disposal,13,Travis Boak,PTA,GWS,Wing,ğŸŸ  Moderate (Long Travel),âš ï¸ Medium Unders Edge (Rain),âœ… Neutral,ğŸŸ¢ AUTO-BET - Wing Long Travel,14%,33%,,18.5,22,-1,,,,
Disposal,13,Nick Larkey,NTH,WCE,KeyF,ğŸŸ  Moderate (Long Travel),âœ… Neutral,âœ… Neutral,ğŸŸ¡ CONSIDER - Long Travel,-5%,73%,,10,11,-1,,,,
Disposal,12,Jye Amiss,FRE,GCS,KeyF,ğŸŸ  Moderate (Long Travel),âš ï¸ Medium Unders Edge (Rain),ğŸŸ¡ Slight Unders,ğŸŸ¢ STRONG BET,-3%,79%,,8,9,-1,,,0,1
Disposal,13,Harris Andrews,BRL,ADE,KeyD,ğŸŸ  Moderate (Long Travel),âœ… Neutral,âœ… Neutral,ğŸŸ¡ STRONG BET - Long Travel,2%,50%,,13,14,-1,,,,
Mark,11,Jack Darling,NTH,COL,KeyF,âœ… Neutral,âœ… Neutral,ğŸŸ  Moderate Unders,,10%,50%,#REF!,3,5,-1,,,0,0
Disposal,13,Aliir Aliir,PTA,GWS,KeyD,ğŸŸ  Moderate (Long Travel),âš ï¸ Medium Unders Edge (Rain),ğŸŸ¡ Slight Unders (-0.2),ğŸŸ¡ STRONG BET - Long Travel,4%,55%,,13,14,-1,,,,
Disposal,13,Jack Payne,BRL,ADE,KeyD,ğŸŸ  Moderate (Long Travel),âœ… Neutral,âœ… Neutral,ğŸŸ¡ STRONG BET - Long Travel,9%,55%,,11,18,-1,,,,
Mark,13,Jack Payne,BRL,ADE,KeyD,ğŸŸ  Moderate (Long Travel),âœ… Neutral,ğŸŸ¡ Slight Unders (-0.2),ğŸŸ¡ STRONG BET - Long Travel,3%,55%,,6,9,-1,,,,
Disposal,12,Josh Treacy,FRE,GCS,KeyF,ğŸŸ  Moderate (Long Travel),âš ï¸ Medium Unders Edge (Rain),ğŸŸ¡ Slight Unders,ğŸŸ¢ STRONG BET,-4%,55%,,11.5,15,-1,,,0,0.5
Mark,13,Caleb Daniel,NTH,WCE,KeyD,ğŸŸ  Moderate (Long Travel),âœ… Neutral,ğŸŸ¡ Slight Unders (-0.3),ğŸŸ¡ STRONG BET - Long Travel,14%,55%,,3.5,4,-1,,,,
Disposal,12,Jordan Clark,FRE,GCS,GenD,ğŸŸ  Moderate (Long Travel),âš ï¸ Medium Unders Edge (Rain),ğŸŸ¡ Slight Unders,ğŸš« SKIP - Position,0%,64%,,23,30,-1,,,0,0.5
Disposal,13,Colby McKercher,NTH,WCE,GenF,ğŸŸ  Moderate (Long Travel),âœ… Neutral,âœ… Neutral,ğŸŸ¡ STRONG BET - Long Travel,-5%,64%,,17,35,-1,,,,
Disposal,12,Corey Wagner,FRE,GCS,GenD,ğŸŸ  Moderate (Long Travel),âš ï¸ Medium Unders Edge (Rain),ğŸŸ¡ Slight Unders,ğŸŸ¢ STRONG BET,6%,44%,,15,18,-1,,,0,0
Disposal,13,Luke McDonald,NTH,WCE,GenD,ğŸŸ  Moderate (Long Travel),âœ… Neutral,âœ… Neutral,ğŸŸ¡ STRONG BET - Long Travel,1%,55%,,14,23,-1,,,,
Mark,13,Harris Andrews,BRL,ADE,KeyD,ğŸŸ  Moderate (Long Travel),âœ… Neutral,ğŸŸ¡ Slight Unders (-0.2),ğŸŸ¡ STRONG BET - Long Travel,22%,42%,,6,7,-1,,,,
Mark,13,Ben Miller,RIC,SYD,KeyD,âœ… Neutral,âš ï¸ Medium Unders Edge (Rain),ğŸ”´ Strong Unders,ğŸŸ¡ CONSIDER - Strong DvP,30%,25%,,4.5,8,-1,,,,
Mark,13,Cameron Zurhaar,NTH,WCE,GenF,ğŸŸ  Moderate (Long Travel),âœ… Neutral,âœ… Neutral,ğŸŸ¡ STRONG BET - Long Travel,7%,73%,,4,6,-1,,,,
Mark,13,Sam Banks,RIC,SYD,GenD,âœ… Neutral,âš ï¸ Medium Unders Edge (Rain),ğŸ”´ Strong Unders,ğŸŸ¡ CONSIDER - Strong DvP,12%,40%,,5,4,1,,,,
Disposal,10,Shai Bolton,FRE,GWS,GenF,ğŸŸ  Moderate (Long Travel),âœ… Neutral,ğŸŸ  Moderate Unders,,-1%,38%,#REF!,18.5,24,-1,1,,0,0
Disposal,10,Josh Treacy,FRE,GWS,KeyF,ğŸŸ  Moderate (Long Travel),âœ… Neutral,ğŸŸ  Moderate Unders,,5%,33%,#REF!,10.5,11,-1,,,0,0